title,company,location,salary_min,salary_max,salary_midpoint,years_experience,level,skills,source,posted_date
"Senior/Lead Platform Engineer (Databricks, MLops, AWS)",GoTymeX,Ho Chi Minh,0.0,0.0,0.0,0,Entry,"AWS, CI/CD, SQL, Python, Mlops, Databricks",ITviec,
Senior Data Engineer - Financial Crime,GoTymeX,Ho Chi Minh,0.0,0.0,0.0,0,Entry,"Databricks, Spark, Snowflake, SQL, Python, AWS, Data Engineering",ITviec,
Senior Data Scientist – ID2649,VPBank,Ha Noi,0.0,0.0,0.0,0,Entry,"Data Science, AI, Google Cloud, Azure, AWS, Python",ITviec,
Middle/Senior Java Engineer,NAB Innovation Centre Vietnam,Ho Chi Minh,0.0,0.0,0.0,0,Entry,"Java, AWS, Spring Boot, Microservices, Cloud, Spring",ITviec,
Lead Java Engineer,NAB Innovation Centre Vietnam,Ho Chi Minh,0.0,0.0,0.0,0,Entry,"Java, AWS, Spring, Spring Boot, Microservices, English",ITviec,
Solution Designer,NAB Innovation Centre Vietnam,Ho Chi Minh,0.0,0.0,0.0,0,Entry,"Software Architecture, React, Java, Microservices, Node.js, .NET",ITviec,
Senior Manager (Japanese Speaking),ITviec Recruitment Consulting,Ha Noi,0.0,0.0,0.0,0,Entry,"Project Management, Agile, Japanese It Communication, Japanese, Software Architecture, Lean Project Management",ITviec,
Security Engineer,Opes Insurance,Ha Noi,0.0,0.0,0.0,0,Entry,"Cybersecurity, Vmware, Firewall, Incident Response, Iso 27001, Security",ITviec,
Senior Digital Forensics & Incident Response (DFIR),MB Bank,Ha Noi,0.0,0.0,0.0,0,Entry,"Digital Forensics, Siem, Cloud Security, Malware Analysis, Incident Response",ITviec,
Senior Business Model Validation Analyst (BI),MB Bank,Ha Noi,0.0,0.0,0.0,0,Entry,"Data Analysis, Python, Power BI, Statistical Analysis, Big Data, Business Intelligence",ITviec,
[Young Talent] Data Science & Risk Modeling Spealist,MB Bank,Ha Noi,0.0,0.0,0.0,0,Entry,"Data Analysis, Risk Management, Tableau, Python, SQL, Power BI, Data Science",ITviec,
IT Governance Risk Compliance (GRC),EVF,Ha Noi,0.0,0.0,0.0,0,Entry,"Governance, Risk & Compliance, It Governance, Data Privacy / Compliance, Risk Management, Data Analysis",ITviec,
Senior System Integration Engineer (Linux/Security),SAVIS Vietnam,Ha Noi,0.0,0.0,0.0,0,Entry,"Linux, Kubernetes, Api, SQL, Security, System Admin",ITviec,
Expert Information Security,One Mount Group,Ha Noi,0.0,0.0,0.0,0,Entry,"Security, Information Security, Cloud",ITviec,
System & Network Engineer,SAVIS Vietnam,Ha Noi,0.0,0.0,0.0,0,Entry,"System Admin, Networking, AWS, Cisco, Vmware, Linux",ITviec,
Project Manager (SI),SAVIS Vietnam,Ha Noi,0.0,0.0,0.0,0,Entry,"Project Management, Agile, QA QC, Software Architecture, .NET, SQL",ITviec,
Senior Fabric Developer,KeyTechX,Others,0.0,0.0,0.0,0,Entry,"Python, Software Architecture, English, DevOps, SQL, Azure",ITviec,
Senior Machine Learning Engineer,KeyTechX,Ho Chi Minh - Others,0.0,0.0,0.0,0,Entry,"Machine Learning, Python, AI, Azure, AWS, DevOps",ITviec,
Software Engineer for CAD/3D Data,ITviec Recruitment Consulting,Ho Chi Minh - Ha Noi,0.0,0.0,0.0,0,Entry,"Data Analysis, Docker, AI, Autocad, DevOps, Data Science",ITviec,
Senior SCCM/Intune Specialist,Renesas Design Vietnam,Ho Chi Minh,0.0,0.0,0.0,0,Entry,"It Support, System Admin, Microservices, English",ITviec,
Senior Microsoft Intune Engineer,Renesas Design Vietnam,Ho Chi Minh,0.0,0.0,0.0,0,Entry,"It Support, System Admin, Microservices, English",ITviec,
"AWS Solution Architecture (Cloud, System Architecture)",CoderPush,Ha Noi - Ho Chi Minh,0.0,0.0,0.0,0,Entry,"Solution Architecture, System Architecture, Cloud, AWS, Event-Driven Architecture, Microservices Architecture",ITviec,
Senior Information Technology Service Manager,One Mount Group,Ha Noi,0.0,0.0,0.0,0,Entry,"Servicenow, Gcp, Azure, AWS, Cloud, It Support",ITviec,
CV/CVCC Phát triển hệ thống Quản trị tài chính - K.CNTT,PVcomBank,Ha Noi,0.0,0.0,0.0,0,Entry,"Pl/Sql, Business Analysis, Business Intelligence, Agile",ITviec,
"CVCC Quản trị dữ liệu (Data Governance, SQL, R )-K.CNTT",PVcomBank,Ha Noi,0.0,0.0,0.0,0,Entry,"Python, Data Lineage, Data Quality Tools, Database, Pl/Sql, SQL",ITviec,
"Software QA Engineer (Remote, English)",VCAPTECH,Ho Chi Minh,0.0,0.0,0.0,0,Entry,"Automation Test, Python, English, Azure",ITviec,
Manager Quality Assurance,CÔNG TY TNHH THIẾT KẾ HỆ THỐNG CORSAIR,Ho Chi Minh,0.0,0.0,0.0,0,Entry,"QA QC, TypeScript, Python, English, Team Management, Tester",ITviec,
Data Engineer - VIC,Viettel Group,Ha Noi,0.0,0.0,0.0,0,Entry,"Data Engineer, Hadoop, Spark, SQL, Data Engineering",ITviec,
"Middle/Senior WinForms Developer (.Net, C#)",AEGONA,Ho Chi Minh,0.0,0.0,0.0,0,Entry,"Winforms, Git, Oop, Microsoft Sql Server, .NET, C#",ITviec,
Fullstack Java Developer (Good At English),LG CNS Việt Nam,Ha Noi,0.0,0.0,0.0,0,Entry,"Java, Html5, JavaScript, Spring Boot, Spring, English",ITviec,
Senior Azure DevOps Engineer,SSTech,Ho Chi Minh,0.0,0.0,0.0,0,Entry,"Azure, English, Docker, Terraform, DevOps, CI/CD",ITviec,
Senior Database Administrator (Oracle/PostgreSQL),NAB Innovation Centre Vietnam,Ho Chi Minh,0.0,0.0,0.0,0,Entry,"Dba, System Admin, Postgresql, Database, Cloud, Oracle",ITviec,
"Senior Officer, Data Engineer- TechcomLife",Techcombank,Ha Noi,0.0,0.0,0.0,0,Entry,"Data Engineer, Agile, SQL, Microservices, Scala, Big Data, Data Engineering",ITviec,
"Expert, Site Reliability Engineering - TechcomLife",Techcombank,Ha Noi,0.0,0.0,0.0,0,Entry,"DevOps, Cloud, System Admin, Incident Response, Risk Management",ITviec,
Senior Business Analyst (Biz focus),NAB Innovation Centre Vietnam,Ho Chi Minh,0.0,0.0,0.0,0,Entry,"Business Analysis, Agile, English",ITviec,
"Software Engineer, Android",Timo,Ho Chi Minh,0.0,0.0,0.0,0,Entry,"English, Kotlinx.Coroutines, Kotlin, Android",ITviec,
"Senior Software Engineer, Android",Timo,Ho Chi Minh,0.0,0.0,0.0,0,Entry,"English, Kotlinx.Coroutines, Kotlin, Android",ITviec,
Business Analyst (Tiếng Trung)-Khối Công nghệ thông tin,MB Bank,Ha Noi,0.0,0.0,0.0,0,Entry,"Business Analysis, Project Management, Agile, Chinese",ITviec,
Senior AI Engineer (Computer Vision/NLP/LLM),MB Bank,Ha Noi,0.0,0.0,0.0,0,Entry,"AI, Llm, Machine Learning, Computer Vision, NLP, Python",ITviec,
"Senior AI Expert (Machine Learning, Deep Learning, LLM)",MB Bank,Ha Noi,0.0,0.0,0.0,0,Entry,"AI, Llm, Deep Learning, Machine Learning, Computer Vision, NLP",ITviec,
AI Expert (Computer Vision/NLP/LLM),MB Bank,Ha Noi,0.0,0.0,0.0,0,Entry,"AI, Llm, Deep Learning, Machine Learning, Computer Vision, NLP",ITviec,
MB Trainee - AI Engineer (Fresher),MB Bank,Ha Noi,0.0,0.0,0.0,0,Entry,"AI, Tensorflow, Machine Learning, Computer Vision, NLP, Python",ITviec,
AI Software Engineer (Python/Go/C/C++ & AI Agents),MB Bank,Ha Noi,0.0,0.0,0.0,0,Entry,"Python, Fastapi, Docker, Go, AI, C++",ITviec,
Agentic Engineer (Python/Go/C/C++ Backend & AI Agents),MB Bank,Ha Noi,0.0,0.0,0.0,0,Entry,"Python, Fastapi, Go, AI, C Language, C++",ITviec,
AI Engineer (Computer Vision/NLP/LLM),MB Bank,Ha Noi,0.0,0.0,0.0,0,Entry,"AI, Tensorflow, Machine Learning, Computer Vision, NLP, Python",ITviec,
"[Junior, Senior] BackEnd Engineer (Java, Go)- Khối CNTT",MB Bank,Ha Noi,0.0,0.0,0.0,0,Entry,"Java, Mongodb, Go, Postgresql, Spring Boot, Oracle",ITviec,
"Senior Backend Developer (Java Spring Boot, BPM)",Bolt Tech,Ha Noi,0.0,0.0,0.0,0,Entry,"Java, Solution Architecture, Database, SQL, Spring",ITviec,
Tech Lead - Sales Intelligence Platform (Databricks),FPT Digital,Ha Noi,0.0,0.0,0.0,0,Entry,"Databricks, AWS, Azure, Llm, AI, Data Analysis",ITviec,
Product Owner - Sales Intelligence Platform,FPT Digital,Ha Noi,0.0,0.0,0.0,0,Entry,"Product Owner, Generative Ai, AI, Crm, Databricks, Product Management",ITviec,
Senior Fullstack Engineer (DataBricks),FPT Digital,Ha Noi,0.0,0.0,0.0,0,Entry,"Databricks, Gcp, AWS, Azure, AI, Llm",ITviec,
Principal Backend Engineer,Timo,Ho Chi Minh,0.0,0.0,0.0,0,Entry,"JavaScript, Cloud-Native Architecture, Kubernetes, Microservices, Kafka, Spring Boot",ITviec,
Senior Software Engineer in Test (SDET),Timo,Ho Chi Minh,0.0,0.0,0.0,0,Entry,"Appium, Python, Gitlab Ci, Api, Robot Framework, Playwright",ITviec,
Data Scientist - Data Division,MB Bank,Ha Noi,0.0,0.0,0.0,0,Entry,"Data Science, Matlab, Keras, Deep Learning, Machine Learning",ITviec,
Data Analyst - Data Division,MB Bank,Ha Noi,0.0,0.0,0.0,0,Entry,"Data Analysis, Power BI, Microsoft Sql Server, Oracle, SQL",ITviec,
Senior Data Security - Data Division,MB Bank,Ha Noi,0.0,0.0,0.0,0,Entry,"Security, It Governance, Governance, Risk & Compliance, Cloud Security, Information Security",ITviec,
[Young Talent] Trợ lý Kiểm toán (mảng IT/dữ liệu),MB Bank,Ha Noi,0.0,0.0,0.0,0,Entry,"It Audit, Python, Vba, SQL, Security, Data Analysis",ITviec,
Data Quality Management Specialist - Data Division,MB Bank,Ha Noi,0.0,0.0,0.0,0,Entry,"Data Privacy / Compliance, Cloud Security, Data Quality Tools, Data Science",ITviec,
Chuyên Gia Giám Sát An Toàn Thông Tin,Ngân hàng TMCP Thịnh vượng và Phát triển (PGBank),Ha Noi,0.0,0.0,0.0,0,Entry,"Cybersecurity, Siem, Devsecops, Security, Incident Response, Splunk",ITviec,
Developer Manager (Java Full Stack),Nakivo,Ho Chi Minh,0.0,0.0,0.0,0,Entry,"Spring Boot, English, Java",ITviec,
Product Manager,Nakivo,Ho Chi Minh,0.0,0.0,0.0,0,Entry,"Product Management, Product Owner, Business Analysis, English",ITviec,
"Middle/Senior Fullstack Developer (NodeJS, SQL, AI)",DEKON,Ho Chi Minh,0.0,0.0,0.0,0,Entry,"Node.js, React, AI, Blockchain, Fullstack, SQL",ITviec,
Enterprise Architect,Tổng công ty Tân Cảng Sài Gòn (Saigon NewPort Corporation),Ho Chi Minh,0.0,0.0,0.0,0,Entry,"Enterprise Architecture, Design Systems, Togaf, Solution Architecture, Microservices",ITviec,
Data Architect,Tổng công ty Tân Cảng Sài Gòn (Saigon NewPort Corporation),Ho Chi Minh,0.0,0.0,0.0,0,Entry,"Data Engineer, System Architecture, Data Modeling, Data Warehousing, Big Data, Data Analysis",ITviec,
[Ho Chi Minh] QA Engineer,ONE Tech Stop Vietnam Company Ltd,Ho Chi Minh,0.0,0.0,0.0,0,Entry,"QA QC, Scrum, Tester, Salesforce, Agile, English",ITviec,
Business Analyst (Agile/Scrum),Unity Sport JSC,Ho Chi Minh,0.0,0.0,0.0,0,Entry,"Business Analysis, Miro, Figma, Jira, Scrum, Agile",ITviec,
"Middle / Senior Fullstack Developer (Java, JavaScript)","CJ OLIVENETWORKS VINA CO., LTD",Ho Chi Minh,0.0,0.0,0.0,0,Entry,"Java, JavaScript, HTML, AWS, SQL, Oracle",ITviec,
"Senior Platform Architect – React, Next.js | Remote",Switch Supply Pty Ltd,Others - Ho Chi Minh - Ha Noi,0.0,0.0,0.0,0,Entry,"Software Architecture, Api, React, AI, DevOps, Solution Architecture, Next.js",ITviec,
Database Administrator,LG CNS Việt Nam,Ha Noi,0.0,0.0,0.0,0,Entry,"Database, AWS",ITviec,
Data Backup & Recovery Engineer (VMware & Windows),CTCP SÀN GIAO DỊCH TÀI SẢN MÃ HÓA VIỆT NAM THỊNH VƯỢNG (CAEX),Ha Noi,0.0,0.0,0.0,0,Entry,"Vmware, Networking, Information Security, Windows Server, System Admin",ITviec,
"Senior Microsoft D365 F&O Developer (X++, .NET, ERP)",ELCA,Ho Chi Minh,0.0,0.0,0.0,0,Entry,"Microsoft Dynamics 365, Erp, .NET, Database, SQL",ITviec,
"Senior QA Engineer (Tester, Japanese N2+)","ANDPAD VietNam Co., Ltd",Ho Chi Minh - Ha Noi,0.0,0.0,0.0,0,Entry,"QA QC, English, Scrum, Japanese, Tester, Agile, Testing",ITviec,
"Senior Data Engineer (Azure, dbt, Microsoft Fabric)",HUENX VIETNAM,Ho Chi Minh,0.0,0.0,0.0,0,Entry,"Data Engineer, AI, SQL, Etl, Dbt, Azure, Data Engineering",ITviec,
Data Governance (Cloud/Data Modelling/AWS/Azure/GCP),Công ty Cổ phần Chứng khoán VPBank,Ha Noi,0.0,0.0,0.0,0,Entry,"Data Modeling, Gcp, Azure, AWS, Data Quality Tools, Cloud",ITviec,
Project Manager,One Mount Group,Ha Noi,0.0,0.0,0.0,0,Entry,"Agile, Project Management, Erp, Crm",ITviec,
Senior/Expert Data Analyst (5YOE - Banking Finance),F88,Ha Noi,0.0,0.0,0.0,0,Entry,"SQL, Python, Qlikview, Tableau, Power BI, Data Analysis",ITviec,
Network Engineer (CDS) (Open For Freshers),LG CNS Việt Nam,Ha Noi,0.0,0.0,0.0,0,Entry,"Comptia Network+, System Architecture",ITviec,
Middle Data Engineer ( SQL/Data Warehousing/Python ),BSS Group,Ha Noi,0.0,0.0,0.0,0,Entry,"Data Engineer, Business Analysis, Data Modeling, Data Warehousing, Python, SQL, Data Engineering",ITviec,
[Danang] Project Leader/ Project Manager (Japanese N2+),NEC Vietnam,Da Nang,0.0,0.0,0.0,0,Entry,"Bridge Engineer, Japanese It Communication, Angular, Java, Japanese, Project Management",ITviec,
"CEO Technology Company (AI, Strategy planning)",VEANIX Ltd,Ha Noi,0.0,0.0,0.0,0,Entry,"Leadership, AI, Team Management, Product Management, Business Analysis, Strategy Planning",ITviec,
Embedded Hardware Engineer (AI Glasses),VEANIX Ltd,Ha Noi,0.0,0.0,0.0,0,Entry,"Embedded, Iot, Ble, Arm Cortex, Firmware, Hardware Design, AI",ITviec,
"Software Engineer (Node.js, AWS, Winforms)",FUJIFILM Business Innovation Việt Nam,Ho Chi Minh,0.0,0.0,0.0,0,Entry,"Aws Cloudformation, CI/CD, Cloud, AWS, Node.js, C++",ITviec,
Sales Engineer (SaaS Consultant) | Remote,Navagis Inc,Ho Chi Minh,0.0,0.0,0.0,0,Entry,"Presale, Google Cloud, English, Stakeholder Management, Api, Solution Architecture",ITviec,
Software Project Manager (Banking Project),FPT IS,Ha Noi,0.0,0.0,0.0,0,Entry,"English, Project Management",ITviec,
Senior embedded Application Engineer – RH850 Automotive,Renesas Design Vietnam,Ho Chi Minh,0.0,0.0,0.0,0,Entry,"Embedded C, C Language, C++",ITviec,
Oracle ERP Technical Specialist,ELCA,Ho Chi Minh,0.0,0.0,0.0,0,Entry,"Oracle, Cloud, SQL, Erp",ITviec,
Mid / Senior Backend Developer (NodeJS),Excel Technologies,Ho Chi Minh,0.0,0.0,0.0,0,Entry,"Node.js, AI, Microservices, SQL, React Native, JavaScript",ITviec,
"Fullstack Developer (NodeJS, ReactJS, AI Native)",Restaff – House Of Norway,Ho Chi Minh,0.0,0.0,0.0,0,Entry,"React, AI, English, Node.js",ITviec,
VIETTEL SOLUTIONS - Project Manager Upto 2000$,Viettel Group,Ha Noi,0.0,0.0,0.0,0,Entry,"Project Management, Software Architecture, Team Management, SQL, Agile, English",ITviec,
System Development Manager,Motorola Solutions,Ho Chi Minh,0.0,0.0,0.0,0,Entry,"Linux, Unix",ITviec,
"Senior Software Engineer (Android, Kotlin, Gen AI)",Ahamove,Ho Chi Minh,0.0,0.0,0.0,0,Entry,"Android, Llm, Api, AI, Mobile Apps, Kotlin",ITviec,
"Chief AI Transformation Officer-CAITO, Data Warehousing",CMC Technology & Solution,Ha Noi,0.0,0.0,0.0,0,Entry,"AI, Data Engineer, Stakeholder Management, Data Warehousing, Solution Architecture, Leadership",ITviec,
Senior System Development Engineer,Motorola Solutions,Ho Chi Minh,0.0,0.0,0.0,0,Entry,"Linux, Unix",ITviec,
System Development Engineer,Motorola Solutions,Ho Chi Minh,0.0,0.0,0.0,0,Entry,"Linux, English",ITviec,
[Da Nang] Scrum Master,ONE Tech Stop Vietnam Company Ltd,Da Nang,0.0,0.0,0.0,0,Entry,"Scrum, Leadership, Team Management, Agile, English",ITviec,
Senior DevOps Engineer (AWS/IAM/CloudFormation/English),KMS Technology,Ho Chi Minh - Da Nang,0.0,0.0,0.0,0,Entry,"Devsecops, Terraform, Cloudformation, AWS, DevOps, English",ITviec,
AI Data Engineer (Python/SQL/ETL/English),Sun Group,Ha Noi,0.0,0.0,0.0,0,Entry,"AI, SQL, Etl, English, Python, Data Engineer, Data Engineering",ITviec,
Remote Data Engineer - AI Data Platform Japan (Python),"SalesNow Co., Ltd.",Ha Noi - Da Nang - Ho Chi Minh,0.0,0.0,0.0,0,Entry,"Python, Data Engineer, AI, AWS, SQL, Json, Data Engineering",ITviec,
"Senior Java Software Engineer (≥ 6yoe, Acting Lead)",Pizza Hut Digital & Technology,Ho Chi Minh,0.0,0.0,0.0,0,Entry,"Java, Leadership, Postgresql, Spring Boot, AWS, English",ITviec,
"Senior QA/QC Engineer (Automated, Manual Tester)",PropNex,Ho Chi Minh - Others,0.0,0.0,0.0,0,Entry,"QA QC, Agile, Jira, Automation Test, Postman, Scrum, Testing",ITviec,
Kỹ Sư IT - IT Engineer,Hyosung Vietnam Corp,Đồng Nai,0.0,0.0,0.0,0,Entry,,VietnamWorks,1970-01-01
Kỹ Sư Công Nghệ Thông Tin (R_ITD2604),Công Ty Ô Tô Toyota Việt Nam,Phú Thọ,0.0,0.0,0.0,0,Entry,,VietnamWorks,2026-06-21
Head Of Product Delivery And Operations,NAB Innovation Centre Vietnam,"Hồ Chí Minh, Hà Nội",0.0,0.0,0.0,0,Entry,,VietnamWorks,2026-06-21
Sale Executive (B2B),FUJIFILM Business Innovation Vietnam,Hồ Chí Minh,0.0,0.0,0.0,0,Entry,,VietnamWorks,2026-06-21
Advertising Monetization Specialist,Athena Studio,Hồ Chí Minh,0.0,0.0,0.0,0,Entry,,VietnamWorks,2026-06-21
IT - Senior Application Analyst (Flexible Working location | Shuttle Bus Provided),Công Ty TNHH Techtronic Industries Việt Nam Manufacturing,"Hồ Chí Minh, Đồng Nai, Hồ Chí Minh",0.0,0.0,0.0,0,Entry,,VietnamWorks,2026-06-18
User Acquisition Manager (Mobile App Global) Thu Nhập Từ 25 - 40 Triệu++,Công Ty Cổ Phần Công Nghệ Eup,Hà Nội,25.0,40.0,32.5,0,Entry,,VietnamWorks,2026-06-18
Customer Service (Night Shift),Redbus VIETNAM,Hồ Chí Minh,7.5,10.5,9.0,0,Entry,,VietnamWorks,2026-06-17
Computerized Systems & Data Integrity Junior Specialist,Công Ty Cổ Phần Dược Phẩm Đạt Vi Phú ( DAVIPHARM )-Adamed,Hồ Chí Minh,0.0,0.0,0.0,0,Entry,,VietnamWorks,2026-06-16
IT Manager,Công Ty Luật Frasers,Hồ Chí Minh,0.0,0.0,0.0,0,Entry,,VietnamWorks,2026-06-16
Nhân Viên Lập Trình (IT Development),"Hamaden VIETNAM CO., LTD","Hải Dương, Hà Nội, Hưng Yên",0.0,0.0,0.0,0,Entry,,VietnamWorks,2026-06-20
General Accounting Executive,"TDI APJ VIETNAM CO., LTD.",Hồ Chí Minh,0.0,0.0,0.0,0,Entry,,VietnamWorks,2026-06-19
Merchant Sales Representative Bluebirds Pay (Elite Team),BLUEBIRDS PAY LLC,"Hồ Chí Minh, Đà Nẵng",8.0,25.0,16.5,0,Entry,,VietnamWorks,2026-06-19
Debug Supervisor,Công Ty TNHH Ajax Systems Việt Nam,"Hưng Yên, Hải Dương, Hà Nội",0.0,0.0,0.0,0,Entry,,VietnamWorks,2026-06-18
IT – Assistant Application Manager (Flexible Working location | Shuttle Bus Provided),Công Ty TNHH Techtronic Industries Việt Nam Manufacturing,"Hồ Chí Minh, Đồng Nai, Hồ Chí Minh",0.0,0.0,0.0,0,Entry,,VietnamWorks,2026-06-18
Customer Success Hubspot Tại Hà Nội Upto $1000,Công Ty Cổ Phần GAPIT,Hà Nội,0.0,0.0,0.0,0,Entry,,VietnamWorks,1970-01-01
AI Engineer (Middle Level) (Thu Nhập 20-30 Triệu),K&M Holdings,Hà Nội,20.0,30.0,25.0,0,Entry,AI,VietnamWorks,1970-01-01
Technical Lead (Kotlin/ Java/ Spring Ecosystem) Upto $2000,CÔNG TY TNHH DỊCH VỤ CÔNG NGHỆ NANO TECHNOLOGIES VIỆT NAM,Hà Nội,37.5,50.0,43.8,0,Entry,"Java, Spring, Kotlin",VietnamWorks,1970-01-01
Backend Engineer (Middle+) (Thu Nhập 20-30 Triệu),K&M Holdings,Hà Nội,20.0,30.0,25.0,0,Entry,,VietnamWorks,1970-01-01
Quản Lý Phát Triển Sản Phẩm (Product Manager),Công Ty TNHH Viettel - CHT (Viettel Idc),Hà Nội,0.0,0.0,0.0,0,Entry,,VietnamWorks,1970-01-01
Chuyên Viên Quản Trị Cơ Sở Dữ Liệu DBA,Tổng Công Ty Bưu Điện Việt Nam - VIETNAMPOST,Hà Nội,30.0,50.0,40.0,0,Entry,,VietnamWorks,2026-06-20
SAP System Developing Staff,"Asahi Intecc Hanoi Co., Ltd.",Hà Nội,0.0,0.0,0.0,0,Entry,,VietnamWorks,2026-06-20
IT Infrastructure Engineer (Security Support),Công Ty TNHH Chứng Khoán Jb Việt Nam,Hà Nội,0.0,0.0,0.0,0,Entry,,VietnamWorks,2026-06-20
[HN] Chuyên Viên Tư Vấn Giải Pháp Chuyển Đổi Số Cho Chính Phủ,Công Ty TNHH Tổng Công Ty Công Nghệ & Giải Pháp CMC (CMC TS),Hà Nội,0.0,0.0,0.0,0,Entry,,VietnamWorks,2026-06-20
"Chuyên Viên Digital Marketing (Facebook Ads, Google Ads)",MISA Jointstock Company,Hà Nội,15.0,30.0,22.5,0,Entry,,VietnamWorks,2026-06-20
Chuyên Viên Phát Triển Phần Mềm 1C,Công Ty Cổ Phần Tập Đoàn TH,Hà Nội,0.0,0.0,0.0,0,Entry,,CareerViet,
Sale Kỹ thuật (Nghỉ T7 CN),Công ty Cổ phần Zodiac Clarity,Hà Nội,0.0,0.0,0.0,0,Entry,,CareerViet,
IT Executive (Microsoft 365),Công ty Easia Travel,Hà Nội,0.0,0.0,0.0,0,Entry,,CareerViet,
Cloud Engineer,TDCX Malaysia (Teledirect Telecommerce Sdn Bhd),Kuala Lumpur,0.0,0.0,0.0,0,Entry,,CareerViet,
Kỹ Sư Lập Trình PLC,CÔNG TY TNHH CRAZIGOODS,Bắc Ninh,0.0,0.0,0.0,0,Entry,,CareerViet,
Chuyên Viên Quản Lý Hồ Sơ Thầu,AI Education,Hồ Chí Minh,0.0,0.0,0.0,0,Entry,,CareerViet,
Senior Data Engineer,Ngân Hàng TMCP Quốc Dân (NCB),Hà Nội,0.0,0.0,0.0,0,Entry,Data Engineering,CareerViet,
Technology Risk Management Senior Expert,NGÂN HÀNG TMCP KỸ THƯƠNG VIỆT NAM (TECHCOMBANK),Hà Nội,0.0,0.0,0.0,0,Entry,,CareerViet,
Nhân Viên Thầu,Công Ty Cổ phần Hệ thống Công Nghệ Hoàng Hải,Hồ Chí Minh,0.0,0.0,0.0,0,Entry,,CareerViet,
Chuyên viên cao cấp/Chuyên gia Scrum Master - SI - MSB - 3I134,Ngân hàng Thương mại Cổ phần Hàng Hải Việt Nam (MSB),Hà Nội,0.0,0.0,0.0,0,Entry,Scrum,CareerViet,
[HỘI SỞ]Chuyên viên/CVC/CV Cao cấp Phát triển sản phẩm (Cash Loan/BNPL),Ngân Hàng TMCP Tiên Phong (TPBank),Hà Nội,0.0,0.0,0.0,0,Entry,,CareerViet,
MLOps Engineer - Kỹ Sư Vận Hành Và Tích Hợp Mô Hình AI,CÔNG TY CỔ PHẦN DƯỢC PHẨM FPT LONG CHÂU,Hồ Chí Minh,0.0,0.0,0.0,0,Entry,AI,CareerViet,
Chuyên viên Phân tích Nghiệp vụ (Bảo hiểm),Phu Hung Assurance Corporation,Hồ Chí Minh,0.0,0.0,0.0,0,Entry,,CareerViet,
R&D - ATS Software Development Engineer,CÔNG TY TNHH CÔNG NGHIỆP MINDA VIỆT NAM - CHI NHÁNH TẠI THÀNH PHỐ HỒ CHÍ MINH,Hồ Chí Minh,0.0,0.0,0.0,0,Entry,,CareerViet,
Sales Manager (Giải Pháp CNTT/Hạ tầng Viễn thông) (B2B),CÔNG TY CP CÔNG NGHỆ QI,Hồ Chí Minh,0.0,0.0,0.0,0,Entry,,CareerViet,
"Chuyên viên Chính sách an ninh thông tin (chuyên về Chính sách, tuân thủ)",NGÂN HÀNG TMCP NGOẠI THƯƠNG VIỆT NAM (VIETCOMBANK),Hà Nội,0.0,0.0,0.0,0,Entry,,CareerViet,
Lập trình viên FullStack (.NET Core + Angular),BV DA LIỄU TW,Hà Nội,0.0,0.0,0.0,0,Entry,"Angular, .NET",CareerViet,
IT Engineer - Identity & Access Management (Global Support) | Automotive Supplier Industry,Summit Polymers Vietnam Co Ltd.,Hồ Chí Minh,0.0,0.0,0.0,0,Entry,,CareerViet,
Lead Engineer (Go / React / Flutter / Cloud),Công ty TNHH Cadena Việt Nam,Hồ Chí Minh,0.0,0.0,0.0,0,Entry,"React, Flutter",CareerViet,
"(QA, UI/UX, TESTER) CHUYÊN VIÊN ĐÁNH GIÁ TRẢI NGHIỆM KHÁCH HÀNG [LÀM VIỆC TẠI KEANG NAM]",CÔNG TY CỔ PHẦN TRUYỀN THÔNG KIM CƯƠNG,Hà Nội,0.0,0.0,0.0,0,Entry,"Testing, UI/UX",CareerViet,
Chuyên viên phát triển sản phẩm,Công ty TNHH PNK,Hà Nội,0.0,0.0,0.0,0,Entry,,CareerViet,
Business Development Specialist,Company Central Pte. Ltd.,Hồ Chí Minh,0.0,0.0,0.0,0,Entry,,CareerViet,
Sinh viên tài năng Khối Quản lý rủi ro,NGÂN HÀNG TMCP NGOẠI THƯƠNG VIỆT NAM (VIETCOMBANK),Hà Nội,0.0,0.0,0.0,0,Entry,,CareerViet,
"Sinh viên tài năng Khối Công nghệ thông tin, Dữ liệu",NGÂN HÀNG TMCP NGOẠI THƯƠNG VIỆT NAM (VIETCOMBANK),Hà Nội,0.0,0.0,0.0,0,Entry,,CareerViet,
[URGENT] Site Solution Engineer,CÔNG TY TNHH CÔNG NGHỆ HUAWEI VIỆT NAM,Hà Nội,0.0,0.0,0.0,0,Entry,,CareerViet,
Android Developer,Wayfu Studio,Hà Nội,0.0,0.0,0.0,0,Entry,,CareerViet,
Senior Data Engineer - TNTech - 3K040,Tập đoàn ROX (ROX Group),Hà Nội,0.0,0.0,0.0,0,Entry,Data Engineering,CareerViet,
Chuyên viên Kiểm định mô hình rủi ro tín dụng,NGÂN HÀNG TMCP NGOẠI THƯƠNG VIỆT NAM (VIETCOMBANK),Hà Nội,0.0,0.0,0.0,0,Entry,,CareerViet,
Chuyên viên Đổi mới sáng tạo,NGÂN HÀNG TMCP NGOẠI THƯƠNG VIỆT NAM (VIETCOMBANK),Hà Nội,0.0,0.0,0.0,0,Entry,,CareerViet,
Nhân Viên IT,Công Ty VMEP - SYM,Đồng Nai,0.0,0.0,0.0,0,Entry,,CareerViet,
Trưởng bộ phận Phát triển Ứng dụng - [BAC A BANK - Khối Ngân hàng Số],Ngân Hàng Thương mại cổ phần Bắc Á- BAC A BANK,Hà Nội,0.0,0.0,0.0,0,Entry,,CareerViet,
Chuyên viên Kiến trúc Hệ thống - [BAC A BANK - Khối Ngân hàng Số],Ngân Hàng Thương mại cổ phần Bắc Á- BAC A BANK,Hà Nội,0.0,0.0,0.0,0,Entry,,CareerViet,
Chuyên viên Bảo mật Thông tin - [BAC A BANK - Khối Ngân hàng Số],Ngân Hàng Thương mại cổ phần Bắc Á- BAC A BANK,Hà Nội,0.0,0.0,0.0,0,Entry,,CareerViet,
Chuyên Viên DevOps - [BAC A BANK - Khối Ngân hàng Số],Ngân Hàng Thương mại cổ phần Bắc Á- BAC A BANK,Hà Nội,0.0,0.0,0.0,0,Entry,DevOps,CareerViet,
Nhân Viên Kỹ Thuật biết tiếng Hàn,Công ty TNHH Yura Corporation Vina,Hưng Yên,0.0,0.0,0.0,0,Entry,,CareerViet,
MB Trainee - AI Engineer (Fresher) - Khối Công Nghệ Thông Tin (2025TD924),Ngân Hàng TMCP Quân Đội,Hà Nội,0.0,0.0,0.0,0,Entry,AI,CareerViet,
Nhân Viên Kinh Doanh B2B,Công ty Cổ phần IPOS.vn,"Hà Nội, Bắc Ninh",0.0,0.0,0.0,0,Entry,,CareerViet,
AI Software Engineer (Python/Go/C/C++ Backend & AI Agents) - Khối Công nghệ thông tin (2026TD450888),Ngân Hàng TMCP Quân Đội,Hà Nội,0.0,0.0,0.0,0,Entry,"Python, C++, AI",CareerViet,
Agentic Engineer (Python/Go/C/C++ Backend & AI Agents) - Khối Công nghệ thông tin (2026TD450887),Ngân Hàng TMCP Quân Đội,Hà Nội,0.0,0.0,0.0,0,Entry,"Python, C++, AI",CareerViet,
IT Specialist (Strong at Network),CÔNG TY TNHH CÔNG NGHỆ HUAWEI VIỆT NAM,Hà Nội,0.0,0.0,0.0,0,Entry,,CareerViet,
Senior AI Engineer (Computer Vision/NLP/LLM) - Khối Công nghệ thông tin (2026TD450878),Ngân Hàng TMCP Quân Đội,Hà Nội,0.0,0.0,0.0,0,Entry,"NLP, Computer Vision, AI",CareerViet,
AI Engineer (Computer Vision/ NLP/ LLM) - Khối Công Nghệ Thông Tin (2026TD450582),Ngân Hàng TMCP Quân Đội,Hà Nội,0.0,0.0,0.0,0,Entry,"NLP, Computer Vision, AI",CareerViet,
Giám đốc Trung tâm Trí tuệ nhân tạo (AI),Công ty Cổ phần Tập đoàn Meey Land,Hà Nội,0.0,0.0,0.0,0,Entry,AI,CareerViet,
AI Expert - Khối Công nghệ thông tin (2026TD450200),Ngân Hàng TMCP Quân Đội,Hà Nội,0.0,0.0,0.0,0,Entry,AI,CareerViet,
Senior AI Expert - Khối Công nghệ thông tin (2026TD450201),Ngân Hàng TMCP Quân Đội,Hà Nội,0.0,0.0,0.0,0,Entry,AI,CareerViet,
Chuyên viên Mua sắm phụ trách kỹ thuật có chuyên môn về CNTT,NGÂN HÀNG TMCP NGOẠI THƯƠNG VIỆT NAM (VIETCOMBANK),Hà Nội,0.0,0.0,0.0,0,Entry,,CareerViet,
Kỹ sư triển khai hệ thống – Senior,CÔNG TY CỔ PHẦN CÔNG NGHỆ 3S TOÀN CẦU,Hà Nội,0.0,0.0,0.0,0,Entry,,CareerViet,
Kiểm toán viên cao cấp/Chuyên gia Kiểm toán Nội bộ - Kiểm toán Công nghệ Thông tin,Ngân Hàng TMCP Tiên Phong (TPBank),Hà Nội,0.0,0.0,0.0,0,Entry,,CareerViet,
Technical Leader/ Trưởng Phòng Lập Trình,CÔNG TY CỔ PHẦN CHỨNG KHOÁN ASEAN,Hà Nội,0.0,0.0,0.0,0,Entry,,CareerViet,
Data Engineer,Teamwork Vietnam Ltd,Hồ Chí Minh,0.0,0.0,0.0,0,Entry,Data Engineering,CareerViet,
Trưởng nhóm Kỹ thuật (Tech Lead) – Full-stack Laravel/VueJS,Công Ty Cổ Phần Giải Pháp Cơ Điện MES,Bình Dương,0.0,0.0,0.0,0,Entry,Laravel,CareerViet,
"Chuyên Viên Phân Tích Định Lượng - Nhóm Phân Tích Rủi Ro TT, TK và LS Trên Sổ Ngân Hàng",NGÂN HÀNG TMCP NGOẠI THƯƠNG VIỆT NAM (VIETCOMBANK),Hà Nội,0.0,0.0,0.0,0,Entry,,CareerViet,
Chuyên Viên Phân Tích Định Lượng - Nhóm Quản Lý Rủi Ro Tín Dụng,NGÂN HÀNG TMCP NGOẠI THƯƠNG VIỆT NAM (VIETCOMBANK),Hà Nội,0.0,0.0,0.0,0,Entry,,CareerViet,
Chuyên viên cao cấp Giải pháp giám sát dịch vụ nội bộ - MVHB,Ngân hàng Thương mại Cổ phần Hàng Hải Việt Nam (MSB),Hà Nội,0.0,0.0,0.0,0,Entry,,CareerViet,
Frontend Developer (ReactJS),Công Ty Cổ Phần Giải Pháp Cơ Điện MES,Bình Dương,0.0,0.0,0.0,0,Entry,React,CareerViet,
NHÂN VIÊN IT,CHI NHÁNH CÔNG TY CỔ PHẦN CÔNG NGHIỆP NHỰA PHÚ LÂM,Đồng Nai,0.0,0.0,0.0,0,Entry,,CareerViet,
IT Application,BETRIMEX - Công Ty Cổ Phần Xuất Nhập Khẩu Bến Tre,Hồ Chí Minh,0.0,0.0,0.0,0,Entry,,CareerViet,
Chuyên viên Triển khai giải pháp,NGÂN HÀNG TMCP NGOẠI THƯƠNG VIỆT NAM (VIETCOMBANK),Hà Nội,0.0,0.0,0.0,0,Entry,,CareerViet,
Chuyên viên Thiết kế giải pháp và quản lý kênh số,NGÂN HÀNG TMCP NGOẠI THƯƠNG VIỆT NAM (VIETCOMBANK),Hà Nội,0.0,0.0,0.0,0,Entry,,CareerViet,
Operation Manager,CareerViet,Hồ Chí Minh,0.0,0.0,0.0,0,Entry,,CareerViet,
AI Project Manager,CareerViet,Hồ Chí Minh,0.0,0.0,0.0,0,Entry,AI,CareerViet,
Nhân Viên Tư Vấn Giải Pháp Công Nghệ (Presale),QTSC - CÔNG TY TNHH MTV PHÁT TRIỂN CÔNG VIÊN PHẦN MỀM QUANG TRUNG,Hồ Chí Minh,0.0,0.0,0.0,0,Entry,,CareerViet,
"Trưởng Bộ Phận Công Nghệ Thông Tin (Làm việc tại Long An, có xe đưa đón tại HCM)",CÔNG TY CỔ PHẦN THẮNG LỢI HOMES,Long An,0.0,0.0,0.0,0,Entry,,CareerViet,
Nhân Viên Phân Tích Nghiệp Vụ phần mềm (IT - BA),CÔNG TY TNHH BỆNH VIỆN ĐKTN AN SINH - PHÚC TRƯỜNG MINH,Hà Nội,0.0,0.0,0.0,0,Entry,,CareerViet,
Technology Architecture and Solutions Expert – Data and Digital Transformation Division,Ngân Hàng TMCP Quốc Dân (NCB),Hà Nội,0.0,0.0,0.0,0,Entry,,CareerViet,
Nhân Viên Phân Tích Dữ Liệu,AA Corporation,Tây Ninh,0.0,0.0,0.0,0,Entry,,CareerViet,
KỸ SƯ AI FULL-STACK hoặc PRODUCT DESIGNER - KIỂU MAKER,CÔNG TY TNHH CÔNG NGHỆ HAIPER-X,Hồ Chí Minh,0.0,0.0,0.0,0,Entry,AI,CareerViet,
CHUYÊN VIÊN BI,Công Ty TNHH PEROMA Việt Nam,Hồ Chí Minh,0.0,0.0,0.0,0,Entry,,CareerViet,
[Hà Nội] Tập sự tiềm năng – AIOps/DevOps Engineer (AIO),Ngân Hàng TMCP Tiên Phong (TPBank),Hà Nội,0.0,0.0,0.0,0,Entry,DevOps,CareerViet,
Nhân viên phiên dịch,CHI NHÁNH CÔNG TY CỔ PHẦN CÔNG NGHIỆP NHỰA PHÚ LÂM,Đồng Nai,0.0,0.0,0.0,0,Entry,,CareerViet,
IT Infrastructure Senior Manager,CÔNG TY CỔ PHẦN GIẢI PHÁP GENE - GENE SOLUTIONS,Hồ Chí Minh,0.0,0.0,0.0,0,Entry,,CareerViet,
Presale/ Kỹ Sư Tư Vấn Giải Pháp CNTT,CÔNG TY TNHH PHÁT TRIỂN CÔNG NGHỆ MIỀN NAM,Hồ Chí Minh,0.0,0.0,0.0,0,Entry,,CareerViet,
Nhân viên Quản trị dự án,Công Ty Cổ Phần Giải Pháp Thanh Toán Việt Nam (VNPAY),Hà Nội,0.0,0.0,0.0,0,Entry,,CareerViet,
"[Hà Nội] Product Director - CPO - Giám Đốc Sản Phẩm (B2B, SaaS - Ecommerce)",Công ty Cổ phần Công nghệ UpBase,Hà Nội,0.0,0.0,0.0,0,Entry,,CareerViet,
Technical Leader (NodeJS / Golang / PHP),CÔNG TY TNHH TALENTSOURCE,Hồ Chí Minh,0.0,0.2,0.2,0,Entry,"Node.js, PHP, Go",CareerViet,
Business Development Specialist,Công Ty Cổ phần NDS VIETNAM,Hồ Chí Minh,0.0,0.0,0.0,0,Entry,,CareerViet,
Java Developer – Pega System,FE CREDIT,Hồ Chí Minh,0.0,12.5,12.5,0,Entry,Java,CareerViet,
Nhân Viên Hành Chính: Gán Nhãn Dữ Liệu Hình Anh AI - Không Yêu Cầu Kinh Nghiệm,CÔNG TY TNHH ALCHERA VIỆT NAM,Hồ Chí Minh,0.0,0.0,0.0,0,Entry,AI,CareerViet,
"CHUYÊN GIA QUẢN TRỊ RỦI RO KIẾN TRÚC HỆ THỐNG CẤP 2 , PHÒNG QTRR CNTT VÀ NGÂN HÀNG SỐ, KHỐI QTRR",Ngân hàng TMCP Đại Chúng Việt Nam - PVcomBank,Hà Nội,0.0,0.0,0.0,0,Entry,,CareerViet,
"Chuyên gia quản trị rủi ro kiến trúc giải pháp cấp 2, Phòng Quản trị rủi ro CNTT và Ngân hàng số, Khối QTRR",Ngân hàng TMCP Đại Chúng Việt Nam - PVcomBank,Hà Nội,0.0,0.0,0.0,0,Entry,,CareerViet,
"Chuyên gia Quản trị rủi ro dữ liệu cấp 3, Phòng QTRR CNTT và Ngân hàng số, Khối Quản trị rủi ro",Ngân hàng TMCP Đại Chúng Việt Nam - PVcomBank,Hà Nội,0.0,0.0,0.0,0,Entry,,CareerViet,
Hồ Chí Minh – CVCC Data Warehouse - ID2795,Ngân Hàng TMCP Việt Nam Thịnh Vượng - VPBANK,Hồ Chí Minh,0.0,0.0,0.0,0,Entry,,CareerViet,
Chuyên viên chính/Chuyên viên cấp cao/Chuyên gia Chính sách Tín dụng và Digital Risk (phục vụ triển khai dự án RLOS) - Khối Quản trị Rủi ro,Ngân Hàng TMCP Quốc Dân (NCB),Hà Nội,0.0,0.0,0.0,0,Entry,,CareerViet,
Senior Business Intelligence (BI) - Mảng Đầu Tư,NGÂN HÀNG TMCP KỸ THƯƠNG VIỆT NAM (TECHCOMBANK),Hà Nội,0.0,0.0,0.0,0,Entry,,CareerViet,
Solution Development Expert,NGÂN HÀNG TMCP KỸ THƯƠNG VIỆT NAM (TECHCOMBANK),Hà Nội,0.0,0.0,0.0,0,Entry,,CareerViet,
Kiến Trúc Sư,CÔNG TY CỔ PHẦN TƯ VẤN VÀ QUẢN LÝ XÂY DỰNG BTECH SOLUTIONS,"Hồ Chí Minh, Thừa Thiên- Huế",0.0,0.0,0.0,0,Entry,,CareerViet,
Nhân Viên Kinh Doanh Ngành In,CÔNG TY CỔ PHẦN PHÁT TRIỂN CÔNG NGHỆ TECHPRO,"Hồ Chí Minh, Hà Nội",0.0,0.0,0.0,0,Entry,,CareerViet,
AI Transformation Coordinator,Công ty Easia Travel,Hà Nội,0.0,0.0,0.0,0,Entry,AI,CareerViet,
Chuyên Viên Tư Vấn Giải Pháp (PreSale),CÔNG TY CỔ PHẦN CÔNG NGHỆ 3S TOÀN CẦU,Hà Nội,0.0,0.0,0.0,0,Entry,,CareerViet,
IT Account Manager (Quản lý Khách hàng),CÔNG TY CỔ PHẦN CÔNG NGHỆ 3S TOÀN CẦU,Hà Nội,0.0,0.0,0.0,0,Entry,,CareerViet,
Nhân Viên Kỹ Thuật (Lĩnh Vực Chiếu Sáng),CÔNG TY CỔ PHẦN VIOT ENERGY EFFICIENCY PLATFORM,Hồ Chí Minh,0.0,0.0,0.0,0,Entry,,CareerViet,
Compliance Specialist,CÔNG TY TNHH GALAXY DIGITAL HOLDINGS,Hồ Chí Minh,0.0,0.0,0.0,0,Entry,,CareerViet,
Business Development Executive,Vietmap - Công ty Cổ phần Ứng Dụng Bản Đồ Việt,Hồ Chí Minh,0.0,0.0,0.0,0,Entry,,CareerViet,
PMO Kỹ Thuật (Kiêm Presales/BOM/Giải Pháp & Kinh Nghiệm Triển Khai Data Center/Network),Công Ty TNHH Tín Bảo Lan,Hồ Chí Minh,0.0,0.0,0.0,0,Entry,,CareerViet,
After-Service Technical Consultant Manager,Công Ty TNHH Tín Bảo Lan,Hồ Chí Minh,0.0,0.0,0.0,0,Entry,,CareerViet,
Chuyên gia Quản trị vận hành,Ngân Hàng TMCP Quốc Dân (NCB),Hà Nội,0.0,0.0,0.0,0,Entry,,CareerViet,
Chuyên viên cao cấp Cải tiến và Số hóa quy trình,Ngân Hàng TMCP Quốc Dân (NCB),Hà Nội,0.0,0.0,0.0,0,Entry,,CareerViet,
Chuyên gia chính sách tín dụng và Digital risk (phục vụ triển khai Dự án CLOS),Ngân Hàng TMCP Quốc Dân (NCB),Hà Nội,0.0,0.0,0.0,0,Entry,,CareerViet,
Senior Application Engineer,PCB GraphTech Việt Nam,Hồ Chí Minh,0.0,0.0,0.0,0,Entry,,CareerViet,
Chuyên Viên Phân Tích Nghiệp Vụ (BA),CÔNG TY CỔ PHẦN PHÁT TRIỂN BẤT ĐỘNG SẢN VĂN PHÚ,Hà Nội,0.0,0.0,0.0,0,Entry,,CareerViet,
Project Manager,NGÂN HÀNG TMCP KỸ THƯƠNG VIỆT NAM (TECHCOMBANK),Hà Nội,0.0,0.0,0.0,0,Entry,,CareerViet,
Nhân Viên Kinh Doanh,Công Ty Cổ phần Hệ thống Công Nghệ Hoàng Hải,Hồ Chí Minh,0.0,0.0,0.0,0,Entry,,CareerViet,
CV kiểm soát chất lượng Thu hồi nợ qua AI callbot - TA147 -ID5740,Ngân Hàng TMCP Việt Nam Thịnh Vượng - VPBANK,Hà Nội,0.0,0.0,0.0,0,Entry,AI,CareerViet,
Hồ Chí Minh / Hà Nội – CVCC Quản lý danh mục rủi ro tín dụng KHCN - ID491,Ngân Hàng TMCP Việt Nam Thịnh Vượng - VPBANK,"Hồ Chí Minh, Hà Nội",0.0,0.0,0.0,0,Entry,,CareerViet,
Hồ Chí Minh – CVCC rủi ro danh mục - ID5462,Ngân Hàng TMCP Việt Nam Thịnh Vượng - VPBANK,Hồ Chí Minh,0.0,0.0,0.0,0,Entry,,CareerViet,
Hồ Chí Minh – Chuyên gia xây dựng mô hình rủi ro - ID458,Ngân Hàng TMCP Việt Nam Thịnh Vượng - VPBANK,Hồ Chí Minh,0.0,0.0,0.0,0,Entry,,CareerViet,
Nhân Viên Kinh Doanh,CÔNG TY TNHH TM DV KỸ THUẬT NHÂN VIỆT,Hồ Chí Minh,0.0,0.0,0.0,0,Entry,,CareerViet,
Senior Data Management Specialist – Business Analyst (Finance Division) - ID4328,Ngân Hàng TMCP Việt Nam Thịnh Vượng - VPBANK,Hà Nội,0.0,0.0,0.0,0,Entry,,CareerViet,
Senior Product Owner – Investment Solutions,NGÂN HÀNG TMCP KỸ THƯƠNG VIỆT NAM (TECHCOMBANK),Hà Nội,0.0,0.0,0.0,0,Entry,,CareerViet,
Chuyên Viên Kinh Doanh Phần Mềm,CÔNG TY CỔ PHẦN CÔNG NGHỆ FOXAI,Hà Nội,0.0,0.0,0.0,0,Entry,,CareerViet,
Head of Database Administration Section (Trưởng Bộ Phận),Indovina Bank Ltd.,Hồ Chí Minh,0.0,15.0,15.0,0,Entry,,CareerViet,
Business Development Representative [Đà Nẵng],Công Ty TNHH EVIT,Đà Nẵng,0.0,0.0,0.0,0,Entry,,CareerViet,
Chuyên viên Quản trị ứng dụng và khai thác dữ liệu,Công ty TNHH Chứng khoán Ngân hàng TMCP Ngoại thương Việt Nam (VCBS - Vietcombank Securities),Hà Nội,0.0,0.0,0.0,0,Entry,,CareerViet,
Sales B2B SaaS – FMCG MarTech,Công ty Cổ phần DGV Digital,Hồ Chí Minh,0.0,0.0,0.0,0,Entry,,CareerViet,
129706 - Tiếng Nhật - Phiên dịch IT & Kĩ sư cầu nối,"RGF HR Agent Vietnam Co., LTD",Hà Nội,0.0,0.0,0.0,0,Entry,,CareerViet,
IT Project Manager Hanoi,Employertest..,Hà Nội,0.0,0.0,0.0,0,Entry,,CareerViet,
IT Project Manager Saigon,Employertest..,Hồ Chí Minh,0.0,0.0,0.0,0,Entry,,CareerViet,
"P. Khoa học dữ liệu, Hội sở - Chuyên viên Vận hành mô hình",Ngân Hàng TMCP Phương Đông - OCB,Hồ Chí Minh,0.0,0.0,0.0,0,Entry,,CareerViet,
Sales Manager (ERP software),Công ty TNHH Cadena Việt Nam,Hồ Chí Minh,0.0,0.0,0.0,0,Entry,,CareerViet,
CHUYÊN VIÊN THIẾT KẾ UI/UX WEBSITE & MOBILE (UI/UX DESIGNER WEB & MOBILE),Công Ty Cổ Phần Phúc Sinh,Hồ Chí Minh,0.0,0.0,0.0,0,Entry,UI/UX,CareerViet,
CHUYÊN VIÊN THU THẬP VÀ PHÁT TRIỂN DỮ LIỆU (DATA ENRICHMENT & DATA COLLECTION SPECIALIST),Công Ty Cổ Phần Phúc Sinh,Hồ Chí Minh,0.0,0.0,0.0,0,Entry,,CareerViet,
Chuyên Viên Tích Hợp Nền Tảng Dữ Liệu,NGÂN HÀNG TMCP NGOẠI THƯƠNG VIỆT NAM (VIETCOMBANK),Hà Nội,0.0,0.0,0.0,0,Entry,,CareerViet,
Trưởng nhóm Hệ thống dữ liệu (Leader DA),CÔNG TY CỔ PHẦN PHÁT TRIỂN DỊCH VỤ VÀ THƯƠNG MẠI QUỐC AN,Hà Nội,0.0,0.0,0.0,0,Entry,,CareerViet,
Chuyên viên phân tích nghiệp vụ (Business Analyst - BA) 20-30 triệu + thưởng hàng tháng,CÔNG TY CỔ PHẦN PHÁT TRIỂN CƠ ĐIỆN LẠNH HOÀNG ĐẠT,Hà Nội,0.0,0.0,0.0,0,Entry,,CareerViet,
KỸ SƯ GIẢI PHÁP (PRE-SALES),CÔNG TY CP THƯƠNG MẠI - DỊCH VỤ SAO NAM AN,Hồ Chí Minh,0.0,0.0,0.0,0,Entry,,CareerViet,
Trưởng phòng IT (mạnh về ERP và chuyển đổi số) 40-60 triệu+thưởng hàng tháng,CÔNG TY CỔ PHẦN PHÁT TRIỂN CƠ ĐIỆN LẠNH HOÀNG ĐẠT,Hà Nội,0.0,0.0,0.0,0,Entry,,CareerViet,
Senior Business Analyst - Chuyên Viên Phân Tích Nghiệp Vụ (Domain Fintech),Công ty Cố phần giải pháp công nghệ ITE,Hà Nội,0.0,0.0,0.0,0,Entry,,CareerViet,
"Kỹ sư FPGA - Ba Đình, HN 28325",Công Ty TNHH Reeracoen Việt Nam,Hà Nội,0.0,0.0,0.0,0,Entry,,CareerViet,
Chuyên Viên Vận Hành Hệ Thống (Onsite),Công ty Cổ phần Tập đoàn Leeon Group,Hà Nội,0.0,0.0,0.0,0,Entry,,CareerViet,
NHÂN VIÊN EDIT VIDEO VÀ THIẾT KẾ ẢNH,CÔNG TY TNHH DU LỊCH HT GROUP,Hồ Chí Minh,0.0,0.0,0.0,0,Entry,,CareerViet,
Nhân viên Vận hành Omnichannel,CÔNG TY CỔ PHẦN DƯỢC PHẨM FPT LONG CHÂU,Hồ Chí Minh,0.0,0.0,0.0,0,Entry,,CareerViet,
CRM Supervisor - Data Analysis/Business Intelligence,Công Ty Cổ Phần Thời Trang & Mỹ Phẩm Duy Anh (DAFC),Hồ Chí Minh,0.0,0.0,0.0,0,Entry,,CareerViet,
Chuyên viên Kinh doanh Giải pháp,CÔNG TY CỔ PHẨN TẬP ĐOÀN MK,Hà Nội,0.0,0.0,0.0,0,Entry,,CareerViet,
[Hội sở] Chuyên viên cao cấp/Chuyên viên chính/Chuyên viên Data Science BaaS and Digital Banking – Khối Ngân hàng cá nhân,Ngân Hàng TMCP Tiên Phong (TPBank),Hà Nội,0.0,0.0,0.0,0,Entry,Data Science,CareerViet,
Trưởng phòng Kinh doanh,CÔNG TY TNHH PHÁT TRIỂN CÔNG NGHỆ MIỀN NAM,Hồ Chí Minh,0.0,0.0,0.0,0,Entry,,CareerViet,
Kỹ Sư Hệ Thống / System Engineer,Công Ty TNHH Snet Việt Nam,Hà Nội,0.0,0.0,0.0,0,Entry,,CareerViet,
E-Commerce Business Analytics Team Leader,CÔNG TY CỔ PHẦN DƯỢC PHẨM FPT LONG CHÂU,Hồ Chí Minh,0.0,0.0,0.0,0,Entry,,CareerViet,
Trưởng phòng giải pháp công nghệ cao,Công ty TNHH PNK,Hà Nội,0.0,0.0,0.0,0,Entry,,CareerViet,
Nhân Viên Kinh Doanh,CÔNG TY TNHH PHÁT TRIỂN CÔNG NGHỆ MIỀN NAM,Hồ Chí Minh,0.0,0.0,0.0,0,Entry,,CareerViet,
IT Support Executive,CÔNG TY CỔ PHẦN UPPINGHAM SCHOOL VIỆT NAM - HƯNG YÊN,Hà Nội,0.0,0.0,0.0,0,Entry,,CareerViet,
[TT CNTT] - Chuyên viên phân tích nghiệp vụ (BA),Tổng Công Ty Chuyển Phát Nhanh Bưu Điện,Hà Nội,0.0,0.0,0.0,0,Entry,,CareerViet,
Game Programmer,CÔNG TY TNHH RIDDLERS VN,Hồ Chí Minh,0.0,0.0,0.0,0,Entry,,CareerViet,
3D Artist,CÔNG TY TNHH RIDDLERS VN,Hồ Chí Minh,0.0,0.0,0.0,0,Entry,,CareerViet,
NHÂN VIÊN KINH DOANH VIỄN THÔNG – CNTT,CÔNG TY CỔ PHẦN GIẢI PHÁP TÍCH HỢP NIS,Hồ Chí Minh,0.0,0.0,0.0,0,Entry,,CareerViet,
NHÂN VIÊN IT LẬP TRÌNH (LÀM VIỆC TẠI PHÚ QUỐC),NHÂN VIÊN LẬP TRÌNH (LÀM VIỆC TẠI PHÚ QUỐC),Kiên Giang,0.0,0.0,0.0,0,Entry,,CareerViet,
Chuyên viên Phân tích nghiệp vụ ERP,Công ty Cổ phần CANIFA,Hà Nội,0.0,0.0,0.0,0,Entry,,CareerViet,
Sales Executive (DX Factory & AI Solutions),CÔNG TY TNHH HỆ THỐNG THÔNG TIN ĐẠI DƯƠNG MỚI,Hồ Chí Minh,0.0,0.0,0.0,0,Entry,AI,CareerViet,
Lập Trình Viên Mobile App,Công ty TNHH Vạn Thế Hưng,Hà Nội,0.0,0.0,0.0,0,Entry,,CareerViet,
FLUTTER DEVELOPER – ĐỊNH HƯỚNG TECH LEAD,Chương trình Học viện Công nghệ BKACAD,Hà Nội,0.0,0.0,0.0,0,Entry,Flutter,CareerViet,
IT Executive,CÔNG TY CỔ PHẦN CAFÉ KATINAT,Hồ Chí Minh,0.0,0.0,0.0,0,Entry,,CareerViet,
Scrum Master — Digital Space (Web/App Vaccine),CÔNG TY CỔ PHẦN DƯỢC PHẨM FPT LONG CHÂU,Hồ Chí Minh,0.0,0.0,0.0,0,Entry,Scrum,CareerViet,
Sales Manager,CÔNG TY TNHH SALARY.COM (VIỆT NAM),Hồ Chí Minh,0.0,0.0,0.0,0,Entry,,CareerViet,
Chuyên viên chính/Chuyên viên cao cấp Phân tích nghiệp vụ FM - TNTech - 4Z035,Tập đoàn ROX (ROX Group),Hà Nội,0.0,0.0,0.0,0,Entry,,CareerViet,
Senior Business Development/ B2B Sales Manager,Công Ty Cổ Phần Công Nghệ OLLI,Hồ Chí Minh,0.0,0.0,0.0,0,Entry,,CareerViet,
Nhân viên cung ứng,CÔNG TY CỔ PHẦN GIẢI PHÁP CÔNG NGHỆ NETLINE,Hà Nội,0.0,0.0,0.0,0,Entry,,CareerViet,
CHUYÊN VIÊN TƯ VẤN TRIỂN KHAI HỆ THỐNG (PRE-SALES),CÔNG TY TNHH THƯƠNG MẠI DỊCH VỤ KỸ THUẬT TẦM NHÌN,Hồ Chí Minh,0.0,0.0,0.0,0,Entry,,CareerViet,
Chuyên Viên Hệ Thống TMS,CÔNG TY CỔ PHẦN THƯƠNG MẠI DỊCH VỤ SẢN XUẤT HƯƠNG THỦY,Hồ Chí Minh,0.0,0.0,0.0,0,Entry,,CareerViet,
"Kỹ sư AI - KCN Biên Hòa, Đồng Nai 28390",Công Ty TNHH Reeracoen Việt Nam,Đồng Nai,0.0,0.0,0.0,0,Entry,AI,CareerViet,
Middle/ Senior .NET Developer (Web & Mobile),"CellphoneS - Hệ thống bán lẻ điện thoại di động, laptop và các sản phẩm công nghệ toàn quốc",Hồ Chí Minh,0.0,0.0,0.0,0,Entry,.NET,CareerViet,
IT Helpdesk,SAMTEC VIETNAM COMPANY LIMITED,Đồng Nai,0.0,0.0,0.0,0,Entry,,CareerViet,
Nhân Viên Khuôn Bế,CÔNG TY CỔ PHẦN BAO BÌ BIÊN HÒA,Đồng Nai,0.0,0.0,0.0,0,Entry,,CareerViet,
Giảng viên Phân tích Dữ liệu Cơ bản (Data Analytics Essentials Lecturer),Chương trình Học viện Công nghệ BKACAD,Hà Nội,0.0,0.0,0.0,0,Entry,,CareerViet,
Programme Officer in Digital Transformation,Văn phòng đại diện Tổ chức Hợp tác Quốc tế Đức GIZ tại Hà Nội,"Hà Nội, Hồ Chí Minh",0.0,0.0,0.0,0,Entry,,CareerViet,
Trưởng nhóm học thuật về lập trình - Bình Tân,Wall Street English,Hồ Chí Minh,0.0,0.0,0.0,0,Entry,,CareerViet,
Giáo viên dạy lập trình - quận 9,Wall Street English,Hồ Chí Minh,0.0,0.0,0.0,0,Entry,,CareerViet,
Chuyên viên Customer Data Platform (CDP),Công ty Cổ phần CANIFA,Hà Nội,0.0,0.0,0.0,0,Entry,,CareerViet,
Trưởng phòng IT,Công Ty Cổ Phần Phúc Sinh,Hồ Chí Minh,0.0,0.0,0.0,0,Entry,,CareerViet,
Trưởng phòng Công nghệ thông tin,TẬP ĐOÀN NAMGROUP,Hồ Chí Minh,0.0,0.0,0.0,0,Entry,,CareerViet,
Chuyên Viên Tư Vấn Giải Pháp,CÔNG TY CỔ PHẦN GIẢI PHÁP CÔNG NGHỆ HQG,"Hồ Chí Minh, Hà Nội",0.0,0.0,0.0,0,Entry,,CareerViet,
Chuyên viên Chuyển đổi số,Tập Đoàn Tân Á Đại Thành,Kiên Giang,0.0,0.0,0.0,0,Entry,,CareerViet,
Chuyên viên Quản trị hệ thống LMS,BIM Group,Hà Nội,0.0,0.0,0.0,0,Entry,,CareerViet,
Trưởng Nhóm Pháp Chế - Tuân Thủ (Phòng Công Nghệ Thông Tin),Công Ty Tài Chính TNHH Một Thành Viên Quốc Tế Việt Nam JACCS,Hồ Chí Minh,0.0,0.0,0.0,0,Entry,,CareerViet,
Trưởng phòng công nghệ thông tin,Công Ty Cổ Phần A25 Hotel,Hà Nội,0.0,0.0,0.0,0,Entry,,CareerViet,
IT Presales Engineer,EAST SEA ENERGY ENVIRONMENT COMPANY LIMITED,Hồ Chí Minh,0.0,0.0,0.0,0,Entry,,CareerViet,
Lập Trình viên SAP ABAP,Unknown,Đồng Nai,0.0,0.0,0.0,0,Entry,,CareerViet,
Chuyên viên cao cấp/Chuyên viên Tuân thủ Công nghệ thông tin,BVBank - Ngân hàng Bản Việt,Hồ Chí Minh,0.0,0.0,0.0,0,Entry,,CareerViet,
Kỹ sư tư vấn giải pháp (Presale),Công ty TNHH PNK,Hà Nội,0.0,0.0,0.0,0,Entry,,CareerViet,
Head Of AI,CÔNG TY CỔ PHẦN DƯỢC PHẨM FPT LONG CHÂU,Hồ Chí Minh,0.0,0.0,0.0,0,Entry,AI,CareerViet,
Senior AI Engineer,CÔNG TY CỔ PHẦN DƯỢC PHẨM FPT LONG CHÂU,Hồ Chí Minh,0.0,0.0,0.0,0,Entry,AI,CareerViet,
129657 - Quản lý Sản xuất & Chất lượng - Tiếng Nhật - Ngành Điện tử,"RGF HR Agent Vietnam Co., LTD",Hồ Chí Minh,0.0,0.0,0.0,0,Entry,,CareerViet,
129494 - Tiếng Nhật - Nhân viên Kinh doanh - Ngành CNTT,"RGF HR Agent Vietnam Co., LTD",Hồ Chí Minh,0.0,0.0,0.0,0,Entry,,CareerViet,
129489 - Japanese Speaking - Business Strategy & Operations Leader - IT,"RGF HR Agent Vietnam Co., LTD",Hồ Chí Minh,0.0,0.0,0.0,0,Entry,Japanese,CareerViet,
129492 - Nhân Viên Thiết Kế Hiệu Ứng - Gaming,"RGF HR Agent Vietnam Co., LTD",Hồ Chí Minh,0.0,0.0,0.0,0,Entry,,CareerViet,
Nhân viên Triển Khai Phần Mềm,Tập Đoàn Kim Tín,Hồ Chí Minh,0.0,0.0,0.0,0,Entry,,CareerViet,
Product Operations (E-commerce / Omnichannel),CÔNG TY CỔ PHẦN DƯỢC PHẨM FPT LONG CHÂU,Hồ Chí Minh,0.0,0.0,0.0,0,Entry,,CareerViet,
Kỹ sư hệ thống (Mới tốt nghiệp),Công ty TNHH PNK,Hà Nội,0.0,0.0,0.0,0,Entry,,CareerViet,
Trưởng Phòng Kinh Doanh,CÔNG TY CỔ PHẦN GIẢI PHÁP CÔNG NGHỆ HQG,"Hồ Chí Minh, Hà Nội",0.0,0.0,0.0,0,Entry,,CareerViet,
Project Coordinator (PMO) - TNTech - 2V065,Tập đoàn ROX (ROX Group),Hà Nội,0.0,0.0,0.0,0,Entry,,CareerViet,
Nhân viên IT Helpdesk,Công ty Cổ phần Mỹ phẩm Quốc tế Thùy Dung,Hồ Chí Minh,0.0,0.0,0.0,0,Entry,,CareerViet,
Trưởng phòng An Toàn thông tin,CÔNG TY CỔ PHẦN CHỨNG KHOÁN ASEAN,Hà Nội,0.0,0.0,0.0,0,Entry,,CareerViet,
CHUYÊN VIÊN XÂY DỰNG QUY TRÌNH VẬN HÀNH & TRỢ LÝ KHỐI CNTT (IT OPERATION & PROCESS SPECIALIST),Hệ thống Phòng khám 315,Hồ Chí Minh,0.0,0.0,0.0,0,Entry,,CareerViet,
Chuyên viên phần mềm - ứng dụng,CÔNG TY CP TẬP ĐOÀN ĐẦU TƯ HOÀNG GIA VIỆT NAM,Hồ Chí Minh,0.0,0.0,0.0,0,Entry,,CareerViet,
IT Auditor (Techcom Insurance),NGÂN HÀNG TMCP KỸ THƯƠNG VIỆT NAM (TECHCOMBANK),Hà Nội,0.0,0.0,0.0,0,Entry,,CareerViet,
Giáo viên tin học,Công ty TNHH Giáo dục Khai Nguyên,Hồ Chí Minh,0.0,0.0,0.0,0,Entry,,CareerViet,
Kỹ Sư Dữ liệu (AI-Integration),Phu Hung Assurance Corporation,Hồ Chí Minh,0.0,0.0,0.0,0,Entry,AI,CareerViet,
Data Engineer - ISC,CÔNG TY CỔ PHẦN DƯỢC PHẨM FPT LONG CHÂU,Hồ Chí Minh,0.0,0.0,0.0,0,Entry,Data Engineering,CareerViet,
Revenue & AR Accountant,CÔNG TY CỔ PHẦN VNETWORK,Hồ Chí Minh,0.0,0.0,0.0,0,Entry,,CareerViet,
"Nhân viên IT 27962 - KCN Hòa Mạc, Hà Nam",Công Ty TNHH Reeracoen Việt Nam,Hà Nam,0.0,0.0,0.0,0,Entry,,CareerViet,
Manufacturing Innovation (MI) Engineer,CÔNG TY TNHH CS BEARING VIỆT NAM,Hồ Chí Minh,0.0,0.0,0.0,0,Entry,,CareerViet,
Chuyên viên cao cấp/Chuyên viên chính Phân tích dữ liệu nâng cao (Data Scientist)– Khối Công nghệ thông tin,Ngân Hàng TMCP Tiên Phong (TPBank),Hà Nội,0.0,0.0,0.0,0,Entry,,CareerViet,
Chuyên viên Quản lý danh mục CNTT,CÔNG TY TÀI CHÍNH TNHH NGÂN HÀNG TMCP SÀI GÒN - HÀ NỘI (SHBFinance),Hà Nội,0.0,0.0,0.0,0,Entry,,CareerViet,
Chuyên Viên Triển Khai Phần Mềm,CÔNG TY CỔ PHẦN ĐẦU TƯ THIÊN ÂN,Hà Nội,0.0,0.0,0.0,0,Entry,,CareerViet,
Chuyên viên cao cấp/Chuyên viên chính Quản lý Chất lượng dữ liệu – Khối Công nghệ Thông tin,Ngân Hàng TMCP Tiên Phong (TPBank),Hà Nội,0.0,0.0,0.0,0,Entry,,CareerViet,
Senior IT Infrastructure (Disaster Recovery) Officer,LOTTE FINANCE VIETNAM,Hà Nội,0.0,0.0,0.0,0,Entry,,CareerViet,
Business Analyst,CÔNG TY TNHH CÔNG NGHỆ B2B,Hồ Chí Minh,0.0,0.0,0.0,0,Entry,,CareerViet,
Chuyên viên hỗ trợ SAP cao cấp (FIN/HR),Công Ty Cổ Phần Chuỗi Thực Phẩm TH,Hà Nội,0.0,0.0,0.0,0,Entry,,CareerViet,
Chuyên gia Phát triển sản phẩm (Tài chính/ Ngân hàng),CÔNG TY CỔ PHẦN KINH DOANH F88,Hồ Chí Minh,0.0,0.0,0.0,0,Entry,,CareerViet,
SOC ENGINEER tại Phú Nhuận,Công Ty Cổ Phần Vacxin Việt Nam,Hồ Chí Minh,0.0,0.0,0.0,0,Entry,,CareerViet,
AI Automation & Data Specialist,Công Ty TNHH Muse Medical,Hồ Chí Minh,0.0,0.0,0.0,0,Entry,AI,CareerViet,
Senior AI Engineer,DIGI-TEXX Vietnam,Hồ Chí Minh,0.0,0.0,0.0,0,Entry,AI,CareerViet,
Senior Credit Risk Management Strategy,FE CREDIT,Hồ Chí Minh,0.0,0.0,0.0,0,Entry,,CareerViet,
TESTER/QC,Hệ thống Phòng khám 315,Hồ Chí Minh,0.0,0.0,0.0,0,Entry,Testing,CareerViet,
IT Junior Application Analyst (Free shuttle bus),Techtronic Industries Vietnam Manufacturing Company Limited,"Hồ Chí Minh, Đồng Nai",0.0,0.0,0.0,0,Entry,,CareerViet,
AI Engineer (Computer Vision/NLP/LLM) - Khối Công nghệ thông tin (HOLT.13),Ngân Hàng TMCP Quân Đội,Hà Nội,0.0,0.0,0.0,0,Entry,"NLP, Computer Vision, AI",CareerViet,
AI Software Engineer (Python/Go/C/C++ Backend & AI Agents) - Khối Công nghệ thông tin (HOLT.19),Ngân Hàng TMCP Quân Đội,Hà Nội,0.0,0.0,0.0,0,Entry,"Python, C++, AI",CareerViet,
AI Expert - Khối Công nghệ thông tin (HOLT.15),Ngân Hàng TMCP Quân Đội,Hà Nội,0.0,0.0,0.0,0,Entry,AI,CareerViet,
IT Staff (System/ Network Administrator),"DP Systems Electronic Mechanical Technology Vietnam Co., Ltd",Bình Dương,0.0,0.0,0.0,0,Entry,,CareerViet,
QUẢN LÝ DỰ ÁN PHẦN MỀM (PROJECT MANAGER - PM),Hệ thống Phòng khám 315,Hồ Chí Minh,0.0,0.0,0.0,0,Entry,,CareerViet,
PRODUCT OWNER,Hệ thống Phòng khám 315,Hồ Chí Minh,0.0,0.0,0.0,0,Entry,,CareerViet,
Chuyên viên Kiểm định mô hình rủi ro thị trường và rủi ro lãi suất trên sổ ngân hàng,NGÂN HÀNG TMCP NGOẠI THƯƠNG VIỆT NAM (VIETCOMBANK),Hà Nội,0.0,0.0,0.0,0,Entry,,CareerViet,
Software Architect,Công ty TNHH Viettel - CHT,Hà Nội,0.0,0.0,0.0,0,Entry,,CareerViet,
Nhân viên Phân tích nghiệp vụ,Công Ty Cổ Phần Giải Pháp Thanh Toán Việt Nam (VNPAY),Hà Nội,0.0,0.0,0.0,0,Entry,,CareerViet,
Product Development Executive (E-commerce),CÔNG TY CỔ PHẦN DƯỢC PHẨM FPT LONG CHÂU,Hồ Chí Minh,0.0,0.0,0.0,0,Entry,,CareerViet,
IT Application Executive,Công Ty Cổ Phần Thời Trang & Mỹ Phẩm Duy Anh (DAFC),Hồ Chí Minh,0.0,0.0,0.0,0,Entry,,CareerViet,
Trưởng Phòng Kỹ Thuật (Công Nghệ Thông Tin),CÔNG TY TNHH PHÁT TRIỂN CÔNG NGHỆ MIỀN NAM,Hồ Chí Minh,0.0,0.0,0.0,0,Entry,,CareerViet,
Trưởng Phòng Phát Triển Sản Phẩm (Thiết Bị an ninh ),Công ty TNHH PNK,Hà Nội,0.0,0.0,0.0,0,Entry,,CareerViet,
Account Manager ( Junior/Middle/Senior),Công ty TNHH Viettel - CHT,"Hồ Chí Minh, Hà Nội, Đà Nẵng",0.0,0.0,0.0,0,Entry,,CareerViet,
CRM Executive - Data Analysis,Công Ty Cổ Phần Thời Trang & Mỹ Phẩm Duy Anh (DAFC),Hồ Chí Minh,0.0,0.0,0.0,0,Entry,,CareerViet,
Chuyên Viên Quản Lý Hệ Thống Xử Lý Tín Dụng Qua Điện Thoại,FE CREDIT,Hồ Chí Minh,0.0,0.0,0.0,0,Entry,,CareerViet,
Project Manager (Super App Project) - DTO,Ngân Hàng TMCP Quốc Dân (NCB),Hà Nội,0.0,0.0,0.0,0,Entry,,CareerViet,
128990 - Kỹ sư chuyển đổi số - ngành Sản xuất,"RGF HR Agent Vietnam Co., LTD",Vĩnh Phúc,0.0,0.0,0.0,0,Entry,,CareerViet,
Senior Application Security,Dai-ichi Life Việt Nam,Hồ Chí Minh,0.0,0.0,0.0,0,Entry,,CareerViet,
IT Nhân Viên Vận Hành & Hỗ Trợ Hệ Thống (Tiếng Trung) - Bình Dương,CÔNG TY TNHH POLYTEX FAR EASTERN (VIỆT NAM),Bình Dương,0.0,0.0,0.0,0,Entry,,CareerViet,
IT Senior Machine Learning Engineer (AI/ML),Dai-ichi Life Việt Nam,Hồ Chí Minh,0.0,0.0,0.0,0,Entry,"Machine Learning, AI",CareerViet,
Chuyên viên Vận hành Hệ thống Thẻ / ATM / POS_HO,NGÂN HÀNG TRÁCH NHIỆM HỮU HẠN MỘT THÀNH VIÊN VIỆT NAM HIỆN ĐẠI,Hà Nội,0.0,0.0,0.0,0,Entry,,CareerViet,
"Data Engineer & Dashboard (Bến Lức, Long An - có xe đưa đón)",Công ty TNHH Japfa Comfeed Việt Nam,Long An,0.0,0.0,0.0,0,Entry,Data Engineering,CareerViet,
Senior Data Analyst,"Rochdale Spears Co., Ltd.",Bình Dương,0.0,0.0,0.0,0,Entry,Data Analysis,CareerViet,
Kế Toán Tổng Hợp,CÔNG TY CỔ PHẦN ONEFIN VIỆT NAM,Hồ Chí Minh,0.0,0.0,0.0,0,Entry,,CareerViet,
TIPS Suppoter - Testing Information Processing System (Softlines / Textile),Chi nhánh CÔNG TY TNHH INTERTEK VIỆT NAM,"Hồ Chí Minh, Hà Nội",0.0,0.0,0.0,0,Entry,,CareerViet,
Chuyên gia ERP Oracle (Kỹ thuật/Database),Công ty Cổ phần Tập đoàn Hoa Sen,Hồ Chí Minh,0.0,0.0,0.0,0,Entry,Oracle,CareerViet,
DevOps Engineer,Công ty TNHH TJ Tech,Hà Nội,0.0,12.5,12.5,0,Entry,DevOps,CareerViet,
Backend Developer (Lĩnh vực giải pháp giáo dục - Nexta),Công ty Cổ phần Masscom Việt Nam,Hà Nội,0.0,0.0,0.0,0,Entry,,CareerViet,
Chuyên viên phân tích dữ liệu (Data Analyst),CÔNG TY CỔ PHẦN PHÁT TRIỂN DỊCH VỤ VÀ THƯƠNG MẠI QUỐC AN,Hà Nội,0.0,0.0,0.0,0,Entry,Data Analysis,CareerViet,
COMPUTER VISION ENGINEER,Tổng công ty Xây dựng số 1 – CTCP,Hồ Chí Minh,0.0,0.0,0.0,0,Entry,Computer Vision,CareerViet,
Chuyên viên Cao cấp Bảo mật Thông tin (mảng Vận hành),LOTTE FINANCE VIETNAM,Hà Nội,0.0,0.0,0.0,0,Entry,,CareerViet,
Senior Network Engineer - Thu Nhập Up To $2000,Công ty Cổ phần Viễn thông - Tin học Bưu điện,Hà Nội,0.0,0.1,0.1,0,Entry,,CareerViet,
Chuyên Viên Kinh Doanh,Công ty cổ phần Công nghệ Mạng và Truyền thông,Hà Nội,0.0,0.0,0.0,0,Entry,,CareerViet,
Kỹ sư Tư Vấn Giải Pháp CNTT (VMware/Network/Sercurity),Công ty TNHH Viettel - CHT,"Hồ Chí Minh, Hà Nội, Đà Nẵng",0.0,0.0,0.0,0,Entry,,CareerViet,
LEGAL ADMINISTRATION EXECUTIVE,"IC&Partners Vietnam Co., Ltd",Hà Nội,18.0,18.0,18.0,0,Entry,,CareerLink,
Kỹ Thuật Viên Vận Hành Máy,CÔNG TY CỔ PHẦN CHẾ BIẾN THỰC PHẨM HOÀNG SƠN,Bình Dương,12.0,15.0,13.5,0,Entry,,CareerLink,
GIÁM SÁT NGHIỆP VỤ (Điện - Tự Động Hóa),CÔNG TY CỔ PHẦN CHẾ BIẾN THỰC PHẨM HOÀNG SƠN,Bình Dương,0.0,0.0,0.0,0,Entry,,CareerLink,
Phó Phòng Xuất Nhập Khẩu,CÔNG TY CỔ PHẦN CHẾ BIẾN THỰC PHẨM HOÀNG SƠN,Bình Dương,0.0,0.0,0.0,0,Entry,,CareerLink,
NHÂN VIÊN IT,CÔNG TY CỔ PHẦN LONG HẢI QUẢNG NINH,Quảng Ninh,0.0,0.0,0.0,0,Entry,,CareerLink,
Kỹ Sư Thiết Kế,CÔNG TY CỔ PHẦN CHẾ BIẾN THỰC PHẨM HOÀNG SƠN,Bình Dương,0.0,0.0,0.0,0,Entry,,CareerLink,
[HN] NHÂN VIÊN IT QUẢN TRỊ MẠNG VÀ HỆ THỐNG,CÔNG TY TNHH PHÁT TRIỂN CÔNG NGHỆ ĐIỆN TỬ BÌNH ANH,Hà Nội,10.0,15.0,12.5,0,Entry,,CareerLink,
THANH TRA VIÊN (Hệ thống - Audit - SOP),CÔNG TY CỔ PHẦN CHẾ BIẾN THỰC PHẨM HOÀNG SƠN,Bình Dương,15.0,20.0,17.5,0,Entry,,CareerLink,
TRƯỞNG BAN TỰ ĐỘNG HÓA,CÔNG TY TNHH MATSUYA R&D VIỆT NAM,Đồng Nai,0.0,0.0,0.0,0,Entry,,CareerLink,
Nhân Viên Phòng Giặt,CÔNG TY CỔ PHẦN CHẾ BIẾN THỰC PHẨM HOÀNG SƠN,Bình Dương,8.0,9.0,8.5,0,Entry,,CareerLink,
TRƯỞNG NHÓM QUẢN LÝ SẢN XUẤT (係長 - N2以上の日本語),CÔNG TY TNHH MATSUYA R&D VIỆT NAM,Đồng Nai,0.0,0.0,0.0,0,Entry,,CareerLink,
NHÂN VIÊN IT,CÔNG TY TNHH VÀNG BẠC ĐÁ QUÝ NGỌC THẨM,Đồng Tháp Tiền Giang,0.0,0.0,0.0,0,Entry,,CareerLink,
B2B Sales Staff (Điện tử/ N2) - Ba Đình,CareerLink's Client,Hà Nội,20.0,25.0,22.5,0,Entry,,CareerLink,
[Miền Nam] Nhân Sự Cộng Tác Tuyển Dụng Online Khối Sale Mass/Non IT,"SAPO Technology., JSC",An Giang Cần Thơ Hồ Chí Minh,5.0,10.0,7.5,0,Entry,,CareerLink,
IT Helpdesk,CÔNG TY TNHH MATRIX VIỆT NAM,Đà Nẵng,0.0,0.0,0.0,0,Entry,,CareerLink,
TRƯỞNG NHÓM SERVICE DESK,CÔNG TY TNHH TÍN BẢO LAN,Hồ Chí Minh,0.0,0.0,0.0,0,Entry,,CareerLink,
HSE Junior Engineer / Kỹ Sư HSE (Tiếng Anh),China Steel and Nippon Steel Vietnam Joint Stock Company (CSVC),Bà Rịa - Vũng Tàu Hồ Chí Minh,5.0,14.0,9.5,0,Entry,,CareerLink,
Nhân viên QC (KCS),Công Ty TNHH SX - TM - DV Lê Trần,Hồ Chí Minh,9.0,11.0,10.0,0,Entry,,CareerLink,
[Hà Nội] NHÂN VIÊN IT TRIỂN KHAI PHẦN MỀM,CÔNG TY TNHH PHÁT TRIỂN CÔNG NGHỆ ĐIỆN TỬ BÌNH ANH,Hà Nội,10.0,13.0,11.5,0,Entry,,CareerLink,
NHÂN VIÊN IT,CÔNG TY TNHH NANO VISION,Hải Phòng,0.0,0.0,0.0,0,Entry,,CareerLink,
[Urgent] Patient Experience Officer - Chuyên Viên Trải Nghiệm Khách Hàng,FV HOSPITAL,Hồ Chí Minh,0.0,0.0,0.0,0,Entry,,CareerLink,
"Senior Merchandiser - Tam Kỳ, Quảng Nam",Fashion Garments Co. Ltd.,Quảng Nam,0.0,0.0,0.0,0,Entry,,CareerLink,
Nhân Viên IT Phần Mềm,CÔNG TY TNHH JIA HSIN,Long An,0.0,0.0,0.0,0,Entry,,CareerLink,
Phó Phòng Quản Lý Hệ Thống ERP/MES (tiếng Hoa),CÔNG TY TNHH JIA HSIN,Long An,0.0,0.0,0.0,0,Entry,,CareerLink,
NHÂN VIÊN BÁN HÀNG (QUẬN 2-HCM),Dan On Foods Corporation,Hồ Chí Minh,0.0,0.0,0.0,0,Entry,,CareerLink,
Tổ Trưởng Quản Lý Hệ Thống IT,CÔNG TY TNHH JIA HSIN,Long An,0.0,0.0,0.0,0,Entry,,CareerLink,
CỬA HÀNG TRƯỞNG (QUẬN 2-HCM),Dan On Foods Corporation,Hồ Chí Minh,0.0,0.0,0.0,0,Entry,,CareerLink,
Interpreter - Cambodian/ Phiên Dịch Viên Tiếng Campuchia,FV HOSPITAL,Hồ Chí Minh,20.0,20.0,20.0,0,Entry,,CareerLink,
NHÂN VIÊN CƠ KHÍ - TIỆN CNC,CÔNG TY TNHH ĐỨC TẤN SÀI GÒN,Hà Nội,13.0,16.0,14.5,0,Entry,,CareerLink,
"KCN Biên Hòa 2, Đồng Nai - IE Staff / Nhân Viên Kỹ Thuật Công Nghiệp",Fashion Garments Co. Ltd.,Đồng Nai,0.0,0.0,0.0,0,Entry,,CareerLink,
Giám Sát Công Trường (Đồng Nai),CÔNG TY TNHH WILLOF VIỆT NAM,Đồng Nai,25.0,0.0,25.0,0,Entry,,CareerLink,
Nhân Viên Sales Thị trường (Tiếng Hoa),CÔNG TY TNHH TÍN BẢO LAN,Hồ Chí Minh,0.0,0.0,0.0,0,Entry,,CareerLink,
[Long Biên - Hà Nội] Nhân Viên Kế Toán Tiếng Nhật – Công Ty Nhật Bản,CareerLink's Client,Hà Nội,10.0,12.0,11.0,0,Entry,,CareerLink,
PMO Kỹ Thuật (Kiêm Presales/BOM/Giải Pháp & Kinh Nghiệm Triển Khai Data Center/Network),CÔNG TY TNHH TÍN BẢO LAN,Hồ Chí Minh,0.0,0.0,0.0,0,Entry,,CareerLink,
[BUÔN MA THUỘT]CHUYÊN VIÊN PHÁT TRIỂN ĐỐI TÁC KINH DOANH,Công Ty Cổ Phần Vàng Bạc Đá quý Phú Nhuận - PNJ,Đắk Lắk,12.0,16.0,14.0,0,Entry,,CareerLink,
Nhân viên QA,Công Ty TNHH SX - TM - DV Lê Trần,Hồ Chí Minh,12.0,15.0,13.5,0,Entry,,CareerLink,
[ Hải Phòng] - Lab Engineer (EMC),SGS Vietnam Ltd.,Hải Phòng,0.0,0.0,0.0,0,Entry,,CareerLink,
Nhân viên Lập Trình robot hàn (tuyển sinh viên mới ra trường),Công Ty TNHH SX - TM - DV Lê Trần,Hồ Chí Minh,0.0,0.0,0.0,0,Entry,,CareerLink,
IT MANAGER,CÔNG TY TNHH DONGDO ELECTRONICS HẢI PHÒNG,Hải Phòng,0.0,0.0,0.0,0,Entry,,CareerLink,
Chuyên Viên Nhân Sự,CÔNG TY TNHH TƯ VẤN KỸ THUẬT ECOPOWER,Hà Nội,13.0,17.0,15.0,0,Entry,,CareerLink,
"[Tam Kỳ, Đà Nẵng] Điều Dưỡng",CÔNG TY TNHH BỆNH VIỆN SÀI GÒN TÂM ĐỨC,Quảng Nam,10.0,10.0,10.0,0,Entry,,CareerLink,
Trưởng Nhóm Quản Lý Dự Án,CÔNG TY TNHH TƯ VẤN KỸ THUẬT ECOPOWER,Hồ Chí Minh,20.0,0.0,20.0,0,Entry,,CareerLink,
CHUYÊN NHIỆM TỰ ĐỘNG HÓA (GẤP),CÔNG TY TNHH MATSUYA R&D VIỆT NAM,Đồng Nai,0.0,0.0,0.0,0,Entry,,CareerLink,
Kỹ Sư Xây Dựng Hạng 1,CÔNG TY TNHH TƯ VẤN KỸ THUẬT ECOPOWER,Hồ Chí Minh,25.0,40.0,32.5,0,Entry,,CareerLink,
[HCM] Điều Dưỡng,CÔNG TY TNHH BỆNH VIỆN SÀI GÒN TÂM ĐỨC,Hồ Chí Minh,10.0,10.0,10.0,0,Entry,,CareerLink,
Trưởng Nhóm Pháp Chế,CÔNG TY TNHH TƯ VẤN KỸ THUẬT ECOPOWER,Hồ Chí Minh,20.0,0.0,20.0,0,Entry,,CareerLink,
"[Xã Vĩnh Phong, An Giang] Điều Dưỡng",CÔNG TY TNHH BỆNH VIỆN SÀI GÒN TÂM ĐỨC,Kiên Giang,10.0,10.0,10.0,0,Entry,,CareerLink,
R&D Manager,Dan On Foods Corporation,Bình Dương,0.0,0.0,0.0,0,Entry,,CareerLink,
"[Ngã Bảy, Hậu Giang] Điều Dưỡng",CÔNG TY TNHH BỆNH VIỆN SÀI GÒN TÂM ĐỨC,Hậu Giang,10.0,10.0,10.0,0,Entry,,CareerLink,
"[Ô Môn,Cần Thơ] Điều Dưỡng",CÔNG TY TNHH BỆNH VIỆN SÀI GÒN TÂM ĐỨC,Cần Thơ,10.0,10.0,10.0,0,Entry,,CareerLink,
IT Manager – Vietnam,Công ty TNHH OTSUKA NUTRACEUTICAL VIETNAM,Hồ Chí Minh,60.0,65.0,62.5,0,Entry,,CareerLink,
Nhân Viên An Toàn - EHS,CÔNG TY CỔ PHẦN SYNOPEX VIỆT NAM,Bắc Ninh,0.0,0.0,0.0,0,Entry,,CareerLink,
Reliability,CÔNG TY CỔ PHẦN SYNOPEX VIỆT NAM,Bắc Ninh,0.0,0.0,0.0,0,Entry,,CareerLink,
Kỹ Sư Vision,CÔNG TY CỔ PHẦN SYNOPEX VIỆT NAM,Bắc Ninh,0.0,0.0,0.0,0,Entry,,CareerLink,
Trưởng Bộ Phận IT,Công ty Cổ phần Nguyên Liệu Thực Phẩm Á Châu Sài Gòn,Bình Dương,0.0,0.0,0.0,0,Entry,,CareerLink,
Senior Staff,CÔNG TY CỔ PHẦN SYNOPEX VIỆT NAM,Bắc Ninh,0.0,0.0,0.0,0,Entry,,CareerLink,
Logistic Staff,Công ty TNHH MTV Nhà Máy May Mặc Đức,Hồ Chí Minh Long An,0.0,0.0,0.0,0,Entry,,CareerLink,
LOGISTICS MANAGER,Công ty TNHH MTV Nhà Máy May Mặc Đức,Long An,0.0,0.0,0.0,0,Entry,,CareerLink,
Safety Engineer,Công Ty Cổ Phần Thép POSCO YAMATO VINA,Bà Rịa - Vũng Tàu,0.0,0.0,0.0,0,Entry,,CareerLink,
QA Manager,Công ty TNHH MTV Nhà Máy May Mặc Đức,Hồ Chí Minh,50.0,75.0,62.5,0,Entry,,CareerLink,
IT Support Staff,Công Ty Cổ Phần Dược Phẩm OPV,Đồng Nai,0.0,0.0,0.0,0,Entry,,CareerLink,
IE/GSD Staff,Công ty TNHH MTV Nhà Máy May Mặc Đức,Hồ Chí Minh,0.0,0.0,0.0,0,Entry,,CareerLink,
Nhân Viên IT Helpdesk,Công Ty Cổ Phần Bán Lẻ Kỹ Thuật Số FPT,Hà Nội,0.0,0.0,0.0,0,Entry,,CareerLink,
Food Safety Program Coordinator (Remote),CTD Distribution,Bình Dương Đồng Nai Hồ Chí Minh,15.0,15.0,15.0,0,Entry,,CareerLink,
Merchandise Staff,Công ty TNHH MTV Nhà Máy May Mặc Đức,Hồ Chí Minh Long An,15.0,25.0,20.0,0,Entry,,CareerLink,
[HCM] Customer Service (Làm việc Online tại nhà),CTD Distribution,Hồ Chí Minh,15.0,15.0,15.0,0,Entry,,CareerLink,
Formula Technician - Open for Garment Fresher,Công ty TNHH MTV Nhà Máy May Mặc Đức,Long An Hồ Chí Minh,0.0,0.0,0.0,0,Entry,,CareerLink,
[Bình Dương] Customer Service (Làm việc Online tại nhà),CTD Distribution,Hồ Chí Minh,15.0,15.0,15.0,0,Entry,,CareerLink,
Logistics Supervisor,Công ty TNHH MTV Nhà Máy May Mặc Đức,Long An Hồ Chí Minh,0.0,0.0,0.0,0,Entry,,CareerLink,
[TUYỂN GẤP] NHÂN VIÊN IT,CÔNG TY TNHH DAEYEONG VINA,Đồng Nai,0.0,0.0,0.0,0,Entry,,CareerLink,
SAMPLE ROOM MANAGER,Công ty TNHH MTV Nhà Máy May Mặc Đức,Hồ Chí Minh Long An,0.0,0.0,0.0,0,Entry,,CareerLink,
NHÂN VIÊN BẢO TRÌ (LÀM VIỆC GẦN KHU DU LỊCH ĐẠI NAM),Dan On Foods Corporation,Bình Dương,0.0,0.0,0.0,0,Entry,,CareerLink,
Garment Technical Staff,Công ty TNHH MTV Nhà Máy May Mặc Đức,Long An,0.0,0.0,0.0,0,Entry,,CareerLink,
Giám Sát Nhà Hàng,CÔNG TY CỔ PHẦN VEDANA RESORT,Thành Phố Huế,0.0,0.0,0.0,0,Entry,,CareerLink,
Pattern Maker,Công ty TNHH MTV Nhà Máy May Mặc Đức,Hồ Chí Minh Long An,14.0,16.0,15.0,0,Entry,,CareerLink,
IT Business Analyst,CÔNG TY CỔ PHẦN VACXIN VIỆT NAM,Hồ Chí Minh,0.0,0.0,0.0,0,Entry,,CareerLink,
Assistant Manager (HR Dept.),Công ty TNHH MTV Nhà Máy May Mặc Đức,Hồ Chí Minh Long An,25.0,30.0,27.5,0,Entry,,CareerLink,
[Trà Vinh] Customer Service (Làm việc Online tại nhà),CTD Distribution,Vĩnh Long,15.0,15.0,15.0,0,Entry,,CareerLink,
IT Communicator,CÔNG TY TNHH VIỆT NAM CAMCOM,Hà Nội,20.0,0.0,20.0,0,Entry,,CareerLink,
[Đồng Nai] Customer Service (Làm việc Online tại nhà),CTD Distribution,Đồng Nai,15.0,15.0,15.0,0,Entry,,CareerLink,
Purchasing Staff,Công ty TNHH MTV Nhà Máy May Mặc Đức,Hồ Chí Minh Long An,15.0,22.0,18.5,0,Entry,,CareerLink,
NHÂN VIÊN KẾ TOÁN NỘI BỘ (QUẬN 12),TẬP ĐOÀN GIÁO DỤC RES,Hồ Chí Minh,7.0,12.0,9.5,0,Entry,,CareerLink,
HR Staff,Công ty TNHH MTV Nhà Máy May Mặc Đức,Long An,0.0,0.0,0.0,0,Entry,,CareerLink,
NHÂN VIÊN KẾ TOÁN NỘI BỘ (QUẬN 3),TẬP ĐOÀN GIÁO DỤC RES,Hồ Chí Minh,7.0,12.0,9.5,0,Entry,,CareerLink,
NHÂN VIÊN KẾ TOÁN NỘI BỘ - QUẬN 7,TẬP ĐOÀN GIÁO DỤC RES,Hồ Chí Minh,7.0,12.0,9.5,0,Entry,,CareerLink,
IT Sales (JLPT N3),Fois ICT PRO,Hồ Chí Minh,15.0,22.0,18.5,0,Entry,,CareerLink,
ERP Support - up 20M,Thời Trang Adidas - Công Ty Cổ Phần Đầu Tư Thương Mại Phượng Hoàng,Hà Nội,16.0,20.0,18.0,0,Entry,,CareerLink,
TRƯỞNG BAN QUẢN LÝ SẢN XUẤT (課長 - N3以上の日本語),CÔNG TY TNHH MATSUYA R&D VIỆT NAM,Đồng Nai,0.0,0.0,0.0,0,Entry,,CareerLink,
IT DEVELOPER (HỐ NAI),CÔNG TY TNHH SJIT VINA,Đồng Nai,0.0,0.0,0.0,0,Entry,,CareerLink,
NHÂN VIÊN KẾ TOÁN NỘI BỘ (QUẬN 2),TẬP ĐOÀN GIÁO DỤC RES,Hồ Chí Minh,7.0,12.0,9.5,0,Entry,,CareerLink,
NHÂN VIÊN KẾ TOÁN NỘI BỘ - QUẬN TÂN BÌNH,TẬP ĐOÀN GIÁO DỤC RES,Hồ Chí Minh,7.0,12.0,9.5,0,Entry,,CareerLink,
NHÂN VIÊN KẾ TOÁN NỘI BỘ - QUẬN GÒ VẤP,TẬP ĐOÀN GIÁO DỤC RES,Hồ Chí Minh,7.0,12.0,9.5,0,Entry,,CareerLink,
NHÂN VIÊN KẾ TOÁN NỘI BỘ - THỦ ĐỨC,TẬP ĐOÀN GIÁO DỤC RES,Hồ Chí Minh,7.0,12.0,9.5,0,Entry,,CareerLink,
NHÂN VIÊN KẾ TOÁN NỘI BỘ - BÌNH THẠNH,TẬP ĐOÀN GIÁO DỤC RES,Hồ Chí Minh,7.0,12.0,9.5,0,Entry,,CareerLink,
NHÂN VIÊN KẾ TOÁN NỘI BỘ (QUẬN 9 / TP THỦ ĐỨC),TẬP ĐOÀN GIÁO DỤC RES,Hồ Chí Minh,7.0,12.0,9.5,0,Entry,,CareerLink,
NHÂN VIÊN KẾ TOÁN NỘI BỘ - QUẬN 6,TẬP ĐOÀN GIÁO DỤC RES,Hồ Chí Minh,7.0,12.0,9.5,0,Entry,,CareerLink,
NHÂN VIÊN KẾ TOÁN NỘI BỘ - QUẬN BÌNH TÂN,TẬP ĐOÀN GIÁO DỤC RES,Hồ Chí Minh,7.0,12.0,9.5,0,Entry,,CareerLink,
NHÂN VIÊN KẾ TOÁN NỘI BỘ (QUẬN 5),TẬP ĐOÀN GIÁO DỤC RES,Hồ Chí Minh,7.0,12.0,9.5,0,Entry,,CareerLink,
NHÂN VIÊN KẾ TOÁN NỘI BỘ (QUẬN TÂN PHÚ),TẬP ĐOÀN GIÁO DỤC RES,Hồ Chí Minh,7.0,12.0,9.5,0,Entry,,CareerLink,
E Learning Specialist (Digital Academy Team),Bureau Veritas Consumer Products Services Việt Nam,Hồ Chí Minh,0.0,0.0,0.0,0,Entry,,CareerLink,
PHỤ BẾP (QUẬN 2-HCM),Dan On Foods Corporation,Hồ Chí Minh,0.0,0.0,0.0,0,Entry,,CareerLink,
Thực Tập Sinh Lắp Máy Cài Đặt,CÔNG TY TNHH TÍN BẢO LAN,Hồ Chí Minh,0.0,0.0,0.0,0,Entry,,CareerLink,
Nhân Viên Văn Phòng Kho,Dan On Foods Corporation,Bình Dương,0.0,0.0,0.0,0,Entry,,CareerLink,
ERP Business Analyst Lead / ERP BA Lead (45M),Thời Trang Adidas - Công Ty Cổ Phần Đầu Tư Thương Mại Phượng Hoàng,Hà Nội,35.0,45.0,40.0,0,Entry,,CareerLink,
Nhân Viên Bán Hàng Showroom,Dan On Foods Corporation,Bình Dương,0.0,0.0,0.0,0,Entry,,CareerLink,
IT PART LEADER,CÔNG TY TNHH DONGDO ELECTRONICS HẢI PHÒNG,Hải Phòng,0.0,0.0,0.0,0,Entry,,CareerLink,
Chuyên Viên Phát Triển Thị Trường (QUẬN 2-HCM),Dan On Foods Corporation,Hồ Chí Minh,0.0,0.0,0.0,0,Entry,,CareerLink,
KỸ SƯ XÂY DỰNG,CÔNG TY CỔ PHẦN CHẾ BIẾN THỰC PHẨM HOÀNG SƠN,Bình Dương,15.0,25.0,20.0,0,Entry,,CareerLink,
CHUYÊN VIÊN VẬN HÀNH NỀN TẢNG DỊCH VỤ (CHINESE),CÔNG TY OPPO VIỆT NAM,Hồ Chí Minh,0.0,0.0,0.0,0,Entry,,CareerLink,
Trưởng Nhóm Kinh Doanh Quốc Tế,CÔNG TY CỔ PHẦN CHẾ BIẾN THỰC PHẨM HOÀNG SƠN,Bình Dương,0.0,0.0,0.0,0,Entry,,CareerLink,
Chuyên Viên Phát Triển Khách Hàng Và Điều Phối Dự Án Việt - Trung,CÔNG TY TNHH TÍN BẢO LAN,Hồ Chí Minh,0.0,0.0,0.0,0,Entry,,CareerLink,
KỸ SƯ XÂY DỰNG (BÌNH DƯƠNG),CÔNG TY CỔ PHẦN CHẾ BIẾN THỰC PHẨM HOÀNG SƠN,Bình Dương,15.0,25.0,20.0,0,Entry,,CareerLink,
"Trưởng Phòng Kinh Doanh Nội Địa - Kênh MT (Quận 2, TP. HCM)",Dan On Foods Corporation,Hồ Chí Minh Bình Dương,0.0,0.0,0.0,0,Entry,,CareerLink,
Trưởng / Phó Phòng Chất Lượng,CÔNG TY CỔ PHẦN CHẾ BIẾN THỰC PHẨM HOÀNG SƠN,Bình Dương,0.0,0.0,0.0,0,Entry,,CareerLink,
Quản Lý Dự Án IT PM - NHẬN VIỆC NGAY- Tuyển Gấp,CÔNG TY TNHH ĐIỆN KHÍ QUỐC QUANG (VIỆT NAM),Quảng Nam Đà Nẵng,0.0,0.0,0.0,0,Entry,,CareerLink,
Phó Phòng Xuất Nhập Khẩu (Bình Dương),CÔNG TY CỔ PHẦN CHẾ BIẾN THỰC PHẨM HOÀNG SƠN,Bình Dương,0.0,0.0,0.0,0,Entry,,CareerLink,
Kế Toán Tổng Hợp,CÔNG TY TNHH TÍN BẢO LAN,Hồ Chí Minh,20.0,0.0,20.0,0,Entry,,CareerLink,
Nhân Viên Kế Toán - Vĩnh Phúc [Full - Time] - Nữ,TẬP ĐOÀN GIÁO DỤC RES,Vĩnh Phúc,7.0,10.0,8.5,0,Entry,,CareerLink,
Kế Toán Bán Hàng (Bình Dương cũ),Dan On Foods Corporation,Bình Dương,0.0,0.0,0.0,0,Entry,,CareerLink,
Nhân Viên Hành Chính (Thời vụ),"Nitto Denko Tape Materials (Vietnam) Co., Ltd.",Hà Nội,0.0,0.0,0.0,0,Entry,,CareerLink,
[MAP] Merchandier,Công Ty Cổ Phần Tập Đoàn Minh Anh (MIAN GROUP),Nghệ An,12.0,20.0,16.0,0,Entry,,CareerLink,
Nhân Viên Thiết Kế Khuôn Mẫu Ngành Nhựa (Biết Creo),Công Ty TNHH Sản Xuất Hiệp Phước Thành- PTE,Hồ Chí Minh,0.0,0.0,0.0,0,Entry,,CareerLink,
IT HelpDesk,CIBON TOOL VIETNAM,Bắc Ninh,12.0,15.0,13.5,0,Entry,,CareerLink,
IT Infrastructure & Security (Manufacturing) - Quận 10,CareerLink's Client,Hồ Chí Minh,22.0,32.0,27.0,0,Entry,,CareerLink,
[SCG-CBMV] CRM Marketing Executive - Danang,SCG Vietnam,Đà Nẵng,0.0,0.0,0.0,0,Entry,,CareerLink,
THỰC TẬP SINH NHÂN SỰ - HR INTERN,Công ty TNHH MTV Nhà Máy May Mặc Đức,Hồ Chí Minh,0.0,0.0,0.0,0,Entry,,CareerLink,
Tổ Trưởng Sản Xuất (Chế Biến hoặc Đóng Gói),CÔNG TY CỔ PHẦN CHẾ BIẾN THỰC PHẨM HOÀNG SƠN,Bình Dương,12.0,15.0,13.5,0,Entry,,CareerLink,
"Chuyên Viên Bảo Trì, Bảo Dưỡng - Hà Nội",CÔNG TY TNHH THỰC PHẨM & NƯỚC GIẢI KHÁT Ý TƯỞNG VIỆT (STARBUCKS VIET NAM),Hà Nội,0.0,0.0,0.0,0,Entry,,CareerLink,
Nhân Viên Bảo Trì (Cơ - Điện),CÔNG TY CỔ PHẦN CHẾ BIẾN THỰC PHẨM HOÀNG SƠN,Bình Dương,12.0,15.0,13.5,0,Entry,,CareerLink,
NHÂN VIÊN IT (XƯỞNG DĨ AN),CÔNG TY TNHH YAZAKI EDS VIỆT NAM,Bình Dương,0.0,0.0,0.0,0,Entry,,CareerLink,
Nhân Viên Vận Hành Omnichannel,Công Ty Cổ Phần Dược Phẩm FPT Long Châu,Hồ Chí Minh,0.0,0.0,0.0,0,Entry,,CareerLink,
Nhân viên vận hành hệ thống (Tiếng Trung),CÔNG TY OPPO VIỆT NAM,Hồ Chí Minh,0.0,0.0,0.0,0,Entry,,CareerLink,
Trợ Lý Hành Chính Tiếng Trung,CÔNG TY TNHH TƯ VẤN KỸ THUẬT ECOPOWER,Hồ Chí Minh,12.0,17.0,14.5,0,Entry,,CareerLink,
Kỹ Sư Dự Toán Xây Dựng,CÔNG TY TNHH TƯ VẤN KỸ THUẬT ECOPOWER,Hồ Chí Minh,20.0,0.0,20.0,0,Entry,,CareerLink,
[Đồng Tháp] Điều Dưỡng,CÔNG TY TNHH BỆNH VIỆN SÀI GÒN TÂM ĐỨC,Đồng Tháp,8.0,12.0,10.0,0,Entry,,CareerLink,
[Hậu Giang] Điều Dưỡng,CÔNG TY TNHH BỆNH VIỆN SÀI GÒN TÂM ĐỨC,Hậu Giang,8.0,12.0,10.0,0,Entry,,CareerLink,
[Tiền Giang] Điều Dưỡng,CÔNG TY TNHH BỆNH VIỆN SÀI GÒN TÂM ĐỨC,Tiền Giang Đồng Tháp,8.0,12.0,10.0,0,Entry,,CareerLink,
[Vĩnh Long] Điều Dưỡng,CÔNG TY TNHH BỆNH VIỆN SÀI GÒN TÂM ĐỨC,Vĩnh Long,8.0,12.0,10.0,0,Entry,,CareerLink,
[Trà Vinh] Điều Dưỡng,CÔNG TY TNHH BỆNH VIỆN SÀI GÒN TÂM ĐỨC,Trà Vinh Bến Tre,8.0,12.0,10.0,0,Entry,,CareerLink,
[Huế] Điều Dưỡng,CÔNG TY TNHH BỆNH VIỆN SÀI GÒN TÂM ĐỨC,Thành Phố Huế,8.0,12.0,10.0,0,Entry,,CareerLink,
[An Giang] Điều Dưỡng,CÔNG TY TNHH BỆNH VIỆN SÀI GÒN TÂM ĐỨC,An Giang,8.0,12.0,10.0,0,Entry,,CareerLink,
[Kiên Giang] Điều Dưỡng,CÔNG TY TNHH BỆNH VIỆN SÀI GÒN TÂM ĐỨC,Kiên Giang,8.0,12.0,10.0,0,Entry,,CareerLink,
[Sóc Trăng] Điều Dưỡng,CÔNG TY TNHH BỆNH VIỆN SÀI GÒN TÂM ĐỨC,Sóc Trăng,8.0,12.0,10.0,0,Entry,,CareerLink,
[Cà Mau] Điều Dưỡng,CÔNG TY TNHH BỆNH VIỆN SÀI GÒN TÂM ĐỨC,Cà Mau,8.0,12.0,10.0,0,Entry,,CareerLink,
"[Cẩm Lệ, Đà Nẵng] Điều Dưỡng",CÔNG TY TNHH BỆNH VIỆN SÀI GÒN TÂM ĐỨC,Đà Nẵng,8.0,12.0,10.0,0,Entry,,CareerLink,
"[Tuy Hoà,  Đắk Lắk] Điều Dưỡng",CÔNG TY TNHH BỆNH VIỆN SÀI GÒN TÂM ĐỨC,Phú Yên,8.0,12.0,10.0,0,Entry,,CareerLink,
[Bạc Liêu] Điều Dưỡng,CÔNG TY TNHH BỆNH VIỆN SÀI GÒN TÂM ĐỨC,Bạc Liêu,8.0,12.0,10.0,0,Entry,,CareerLink,
[Bình Định] Điều Dưỡng,CÔNG TY TNHH BỆNH VIỆN SÀI GÒN TÂM ĐỨC,Bình Định,8.0,12.0,10.0,0,Entry,,CareerLink,
"[Nha Trang, Khánh Hòa] Điều Dưỡng",CÔNG TY TNHH BỆNH VIỆN SÀI GÒN TÂM ĐỨC,Khánh Hòa,8.0,12.0,10.0,0,Entry,,CareerLink,
Electrical Engineer,Công Ty Cổ Phần Thép POSCO YAMATO VINA,Bà Rịa - Vũng Tàu,0.0,0.0,0.0,0,Entry,,CareerLink,
GIÁM ĐỐC ĐIỀU HÀNH (CEO),Công Ty Bánh Đồng Tiến Đà Nẵng,Đà Nẵng,0.0,0.0,0.0,0,Entry,,CareerLink,
CỐ VẤN – ĐIỀU HÀNH,Công Ty Bánh Đồng Tiến Đà Nẵng,Đà Nẵng,0.0,0.0,0.0,0,Entry,,CareerLink,
Phó Giám Đốc Điều Hành (COO),Công Ty Bánh Đồng Tiến Đà Nẵng,Đà Nẵng,0.0,0.0,0.0,0,Entry,,CareerLink,
IT  Manager (Trưởng Phòng CNTT),Công Ty Bánh Đồng Tiến Đà Nẵng,Đà Nẵng,0.0,0.0,0.0,0,Entry,,CareerLink,
Phó Phòng Nhân Sự,Công Ty Bánh Đồng Tiến Đà Nẵng,Đà Nẵng,0.0,0.0,0.0,0,Entry,,CareerLink,
Kỹ thuật viên Điện tử Tin học,Công Ty Cổ Phần Đầu Tư Khai Thác Nhà Ga Quốc Tế Đà Nẵng,Đà Nẵng,0.0,0.0,0.0,0,Entry,,CareerLink,
DEVOPS ENGINEER (KỸ SƯ DEVOPS),Công Ty Bánh Đồng Tiến Đà Nẵng,Đà Nẵng,0.0,0.0,0.0,0,Entry,DevOps,CareerLink,
Nhân Viên Thu Mua,Anh Quân Bakery,Đà Nẵng,7.0,10.0,8.5,0,Entry,,CareerLink,
"Nhân Viên Kho Làm Ca Đêm - Phú Nhuận, HCM",CÔNG TY TNHH CÔNG NGHỆ SINH HỌC SÀI GÒN XANH,Hồ Chí Minh,0.0,0.0,0.0,0,Entry,,CareerLink,
Nhân Viên Kinh Doanh (AJ Plast),SCG Vietnam,Bình Dương,0.0,0.0,0.0,0,Entry,,CareerLink,
KỸ SƯ IT / PHÁT TRIỂN WEB,CareerLink Asia,Nhật Bản,60.0,0.0,60.0,0,Entry,,CareerLink,
[Nhựa Bình Minh] - Nhân viên Tư vấn dịch vụ Kỹ thuật,SCG Vietnam,Hồ Chí Minh,0.0,0.0,0.0,0,Entry,,CareerLink,
[Long An] Customer Service (Làm việc Online tại nhà),CTD Distribution,Tây Ninh,15.0,15.0,15.0,0,Entry,,CareerLink,
[Nhựa Bình Minh] - Kỹ Sư Cấp Thoát Nước (Phát triển sản phẩm ngành ống nhựa),SCG Vietnam,Hồ Chí Minh,0.0,0.0,0.0,0,Entry,,CareerLink,
International Sales Executive (Japanese),Dan On Foods Corporation,Bình Dương,0.0,0.0,0.0,0,Entry,Japanese,CareerLink,
Phó Phòng Bảo Trì,Dan On Foods Corporation,Bình Dương,0.0,0.0,0.0,0,Entry,,CareerLink,
Giám Sát Bảo Trì,Dan On Foods Corporation,Bình Dương,0.0,0.0,0.0,0,Entry,,CareerLink,
QUẢN LÝ NHÀ HÀNG (QUẬN 2 - HCM),Dan On Foods Corporation,Hồ Chí Minh,0.0,0.0,0.0,0,Entry,,CareerLink,
Tổ Trưởng Sản Xuất,Dan On Foods Corporation,Bình Dương,0.0,0.0,0.0,0,Entry,,CareerLink,
International Sales Executive (Chinese),Dan On Foods Corporation,Bình Dương,0.0,0.0,0.0,0,Entry,,CareerLink,
Kỹ Sư IT Phần Mềm - Tiếng Trung (Vũng Tàu Cũ),CÔNG TY TNHH TÀI NGUYÊN CHC VIỆT NAM - CHI NHÁNH BÀ RỊA - VŨNG TÀU,Bà Rịa - Vũng Tàu,15.0,0.0,15.0,0,Entry,,CareerLink,
Nhân Viên IT Quản Trị Hệ Thống,CÔNG TY TNHH PHÁT TRIỂN CÔNG NGHỆ ĐIỆN TỬ BÌNH ANH,Hà Nội,12.0,16.0,14.0,0,Entry,,CareerLink,
Kỹ Sư Cơ Khí Động Lực,Dan On Foods Corporation,Bình Dương,0.0,0.0,0.0,0,Entry,,CareerLink,
Nhân Viên IT Hạ Tầng Máy Chủ,CÔNG TY TNHH PHÁT TRIỂN CÔNG NGHỆ ĐIỆN TỬ BÌNH ANH,Hà Nội,12.0,16.0,14.0,0,Entry,,CareerLink,
NHÂN VIÊN BẢO TRÌ CƠ SỞ HẠ TẦNG,Dan On Foods Corporation,Bình Dương,0.0,0.0,0.0,0,Entry,,CareerLink,
CHUYÊN VIÊN DIGITAL MARKETING (NGÀNH F&B),Công Ty Cổ Phần Ẩm Thực Thiên Lý,Hồ Chí Minh,15.0,25.0,20.0,0,Entry,,CareerLink,
Nhân Viên Biên Phiên Dịch Tiếng Trung,Dan On Foods Corporation,Bình Dương,0.0,0.0,0.0,0,Entry,,CareerLink,
Nhân Viên Kinh Doanh Xe,CÔNG TY CỔ PHẦN TECOTEC GROUP,Hà Nội Hồ Chí Minh Đà Nẵng,8.0,8.0,8.0,0,Entry,,CareerLink,
Trường Nhóm Tuyển Dụng và Đào tạo,Dan On Foods Corporation,Bình Dương,0.0,0.0,0.0,0,Entry,,CareerLink,
Technical Night Shift - Nhân Viên Kỹ Thuật Rải Chuyền Ca Đêm | Đồng Tháp,Fashion Garments Co. Ltd.,Đồng Tháp,0.0,0.0,0.0,0,Entry,,CareerLink,
Legal Specialist / Lawyer,Dan On Foods Corporation,Vietnam,0.0,0.0,0.0,0,Entry,,CareerLink,
Nhân Viên  Kế Hoạch Tổng Hợp,Công Ty TNHH SX - TM - DV Lê Trần,Hồ Chí Minh,14.0,20.0,17.0,0,Entry,,CareerLink,
[TPHCM] Nhân Viên Phục Vụ Nhà Hàng,Dan On Foods Corporation,Hồ Chí Minh,0.0,0.0,0.0,0,Entry,,CareerLink,
Trưởng Team kinh doanh,Công Ty TNHH SX - TM - DV Lê Trần,Hồ Chí Minh,25.0,30.0,27.5,0,Entry,,CareerLink,
Nhân Viên Vận Hành Máy,Dan On Foods Corporation,Bình Dương,0.0,0.0,0.0,0,Entry,,CareerLink,
Nhân Viên Kế toán kho vật tư,Công Ty TNHH SX - TM - DV Lê Trần,Hồ Chí Minh,12.0,18.0,15.0,0,Entry,,CareerLink,
Thợ Làm Bánh (Bánh Mì Và Các Loại Bánh Ngọt),Dan On Foods Corporation,Bình Dương,0.0,0.0,0.0,0,Entry,,CareerLink,
PM Ngành Hàng Trả Góp - HCM,Công Ty Cổ Phần Bán Lẻ Kỹ Thuật Số FPT,Hồ Chí Minh,0.0,0.0,0.0,0,Entry,,CareerLink,
"Kế Toán Bán Hàng (Quận 2, TP.HCM)",Dan On Foods Corporation,Hồ Chí Minh,0.0,0.0,0.0,0,Entry,,CareerLink,
[Cà Mau] Customer Service (Làm việc Online tại nhà),CTD Distribution,Cà Mau,15.0,15.0,15.0,0,Entry,,CareerLink,
Nhân Viên Hỗ trợ Kinh doanh,Dan On Foods Corporation,Hồ Chí Minh,0.0,0.0,0.0,0,Entry,,CareerLink,
Nhân viên Kinh Doanh Nội địa (Bình Dương cũ),Dan On Foods Corporation,Bình Dương,0.0,0.0,0.0,0,Entry,,CareerLink,
Trưởng Phòng Kỹ Thuật,Công Ty TNHH SX - TM - DV Lê Trần,Hồ Chí Minh,30.0,40.0,35.0,0,Entry,,CareerLink,
[Sóc Trăng] Customer Service (Làm việc Online tại nhà),CTD Distribution,Sóc Trăng,15.0,15.0,15.0,0,Entry,,CareerLink,
[Vĩnh Long] Customer Service (Làm việc Online tại nhà),CTD Distribution,Vĩnh Long,15.0,15.0,15.0,0,Entry,,CareerLink,
[An Giang] Customer Service (Làm việc Online tại nhà),CTD Distribution,An Giang,15.0,15.0,15.0,0,Entry,,CareerLink,
[Bà Rịa Vũng Tàu] Customer Service (Làm việc Online tại nhà),CTD Distribution,Bình Dương,15.0,15.0,15.0,0,Entry,,CareerLink,
[Đà Nẵng] Nhân Viên Pha Chế Part Time,CÔNG TY TNHH THỰC PHẨM & NƯỚC GIẢI KHÁT Ý TƯỞNG VIỆT (STARBUCKS VIET NAM),Đà Nẵng,0.0,0.0,0.0,0,Entry,,CareerLink,
Real Estate Intern,CÔNG TY TNHH THỰC PHẨM & NƯỚC GIẢI KHÁT Ý TƯỞNG VIỆT (STARBUCKS VIET NAM),Hồ Chí Minh,0.0,0.0,0.0,0,Entry,,CareerLink,
"[HCM] Shift Supervisor - Giám Sát Ca Quận 5, Tân Bình, Tân Phú",CÔNG TY TNHH THỰC PHẨM & NƯỚC GIẢI KHÁT Ý TƯỞNG VIỆT (STARBUCKS VIET NAM),Hồ Chí Minh,0.0,0.0,0.0,0,Entry,,CareerLink,
IT Project Manager- Tiếng Nhật Tốt,CareerLink's Client,Hồ Chí Minh,62.5,87.5,75.0,0,Entry,,CareerLink,
"[HCM] Shift Supervisor - Giám Sát Ca Phú Nhuận, Tân Bình",CÔNG TY TNHH THỰC PHẨM & NƯỚC GIẢI KHÁT Ý TƯỞNG VIỆT (STARBUCKS VIET NAM),Hồ Chí Minh,0.0,0.0,0.0,0,Entry,,CareerLink,
"[Nam Định] Sales IT – Thu Nhập Cao 30M+/Tháng, Cơ Hội Thăng Tiến Nhanh","SAPO Technology., JSC",Nam Định,10.0,30.0,20.0,0,Entry,,CareerLink,
[Long Xuyên] Nhân Viên Pha Chế Full Time,CÔNG TY TNHH THỰC PHẨM & NƯỚC GIẢI KHÁT Ý TƯỞNG VIỆT (STARBUCKS VIET NAM),An Giang,0.0,0.0,0.0,0,Entry,,CareerLink,
Technician (Đi ca),Công Ty TNHH Sharp Manufacturing Việt Nam,Bình Dương,10.0,13.0,11.5,0,Entry,,CareerLink,
"[Nha Trang] Nhân Viên Pha Chế - Barista, Part-time, Full-time",CÔNG TY TNHH THỰC PHẨM & NƯỚC GIẢI KHÁT Ý TƯỞNG VIỆT (STARBUCKS VIET NAM),Khánh Hòa,0.0,0.0,0.0,0,Entry,,CareerLink,
NHÂN VIÊN HÀNH CHÍNH NHÂN SỰ (TPHCM MỚI),Công ty TNHH MTV Nhà Máy May Mặc Đức,Bình Dương Hồ Chí Minh,0.0,0.0,0.0,0,Entry,,CareerLink,
"[Rạch Giá, Kiên Giang] Nhân Viên Pha Chế Full Time",CÔNG TY TNHH THỰC PHẨM & NƯỚC GIẢI KHÁT Ý TƯỞNG VIỆT (STARBUCKS VIET NAM),An Giang,0.0,0.0,0.0,0,Entry,,CareerLink,
[MAP] Merchandiser Fob Garment (Merchandiser/Purchasing/Production/Development),Công Ty Cổ Phần Tập Đoàn Minh Anh (MIAN GROUP),Hà Nội,0.0,0.0,0.0,0,Entry,,CareerLink,
[Mỹ Tho] Nhân Viên Pha Chế Full Time,CÔNG TY TNHH THỰC PHẨM & NƯỚC GIẢI KHÁT Ý TƯỞNG VIỆT (STARBUCKS VIET NAM),Đồng Tháp,0.0,0.0,0.0,0,Entry,,CareerLink,
"[HCM] Shift Supervisor - Giám Sát Ca, Quận 2,9",CÔNG TY TNHH THỰC PHẨM & NƯỚC GIẢI KHÁT Ý TƯỞNG VIỆT (STARBUCKS VIET NAM),Hồ Chí Minh,0.0,0.0,0.0,0,Entry,,CareerLink,
"Store Manager - Cửa Hàng Trưởng (Quận 1, 2)",CÔNG TY TNHH THỰC PHẨM & NƯỚC GIẢI KHÁT Ý TƯỞNG VIỆT (STARBUCKS VIET NAM),Hồ Chí Minh,0.0,0.0,0.0,0,Entry,,CareerLink,
"[HCM] Shift Supervisor - Giám Sát Ca, Quận 4,7",CÔNG TY TNHH THỰC PHẨM & NƯỚC GIẢI KHÁT Ý TƯỞNG VIỆT (STARBUCKS VIET NAM),Hồ Chí Minh,0.0,0.0,0.0,0,Entry,,CareerLink,
[ Ninh Bình - Tràng An ] Shift Supervisor - Giám Sát Ca,CÔNG TY TNHH THỰC PHẨM & NƯỚC GIẢI KHÁT Ý TƯỞNG VIỆT (STARBUCKS VIET NAM),Ninh Bình,0.0,0.0,0.0,0,Entry,,CareerLink,
[Hoa Lư - Ninh Bình] Store Manager - Cửa Hàng Trưởng,CÔNG TY TNHH THỰC PHẨM & NƯỚC GIẢI KHÁT Ý TƯỞNG VIỆT (STARBUCKS VIET NAM),Ninh Bình,0.0,0.0,0.0,0,Entry,,CareerLink,
"[Phú Quốc, Kiên Giang] Shift Supervisor - Giám Sát Ca",CÔNG TY TNHH THỰC PHẨM & NƯỚC GIẢI KHÁT Ý TƯỞNG VIỆT (STARBUCKS VIET NAM),An Giang,0.0,0.0,0.0,0,Entry,,CareerLink,
"[Rạch Giá, Kiên Giang] Shift Supervisor - Giám Sát Ca",CÔNG TY TNHH THỰC PHẨM & NƯỚC GIẢI KHÁT Ý TƯỞNG VIỆT (STARBUCKS VIET NAM),An Giang,0.0,0.0,0.0,0,Entry,,CareerLink,
Merchandier,Công Ty Cổ Phần Tập Đoàn Minh Anh (MIAN GROUP),Hà Nội,12.0,25.0,18.5,0,Entry,,CareerLink,
"Store Manager - Cửa hàng Trưởng (Quận Phú Nhuận, Bình Thạnh)",CÔNG TY TNHH THỰC PHẨM & NƯỚC GIẢI KHÁT Ý TƯỞNG VIỆT (STARBUCKS VIET NAM),Hồ Chí Minh,0.0,0.0,0.0,0,Entry,,CareerLink,
[ Đà Nẵng ] Shift Supervisor - Giám Sát Ca quận Hải Châu,CÔNG TY TNHH THỰC PHẨM & NƯỚC GIẢI KHÁT Ý TƯỞNG VIỆT (STARBUCKS VIET NAM),Đà Nẵng,0.0,0.0,0.0,0,Entry,,CareerLink,
[Đà Nẵng] Nhân Viên Pha Chế Full Time,CÔNG TY TNHH THỰC PHẨM & NƯỚC GIẢI KHÁT Ý TƯỞNG VIỆT (STARBUCKS VIET NAM),Đà Nẵng,0.0,0.0,0.0,0,Entry,,CareerLink,
[HCM] Shift Supervisor - Giám Sát Ca Quận 1,CÔNG TY TNHH THỰC PHẨM & NƯỚC GIẢI KHÁT Ý TƯỞNG VIỆT (STARBUCKS VIET NAM),Hồ Chí Minh,0.0,0.0,0.0,0,Entry,,CareerLink,
[Hội An] Nhân Viên Pha Chế Full Time,CÔNG TY TNHH THỰC PHẨM & NƯỚC GIẢI KHÁT Ý TƯỞNG VIỆT (STARBUCKS VIET NAM),Đà Nẵng,0.0,0.0,0.0,0,Entry,,CareerLink,
National Sales Director,Dan On Foods Corporation,Bình Dương,0.0,0.0,0.0,0,Entry,,CareerLink,
"Chuyên Viên Bảo Trì, Bảo Dưỡng",CÔNG TY TNHH THỰC PHẨM & NƯỚC GIẢI KHÁT Ý TƯỞNG VIỆT (STARBUCKS VIET NAM),Đà Nẵng,0.0,0.0,0.0,0,Entry,,CareerLink,
[SCG - CBMV HCM] Nhân Viên Kinh Doanh_Xi Măng (Bình Thuận),SCG Vietnam,Bình Thuận,10.0,12.0,11.0,0,Entry,,CareerLink,
[Vũng Tàu] Nhân Viên Pha Chế Full Time,CÔNG TY TNHH THỰC PHẨM & NƯỚC GIẢI KHÁT Ý TƯỞNG VIỆT (STARBUCKS VIET NAM),Hồ Chí Minh,0.0,0.0,0.0,0,Entry,,CareerLink,
[SCG - CBMV HCM] Nhân Viên Kinh Doanh_Xi Măng (Lâm Đồng),SCG Vietnam,Lâm Đồng,10.0,12.0,11.0,0,Entry,,CareerLink,
[ Vũng Tàu ] Shift Supervisor - Giám Sát Ca quận Hải Châu,CÔNG TY TNHH THỰC PHẨM & NƯỚC GIẢI KHÁT Ý TƯỞNG VIỆT (STARBUCKS VIET NAM),Hồ Chí Minh,0.0,0.0,0.0,0,Entry,,CareerLink,
Embedded Systems Engineer/Team Leader (EMS Service)- Tiếng Nhật,CareerLink's Client,Hồ Chí Minh,15.0,30.0,22.5,0,Entry,,CareerLink,
[Quy Nhơn] Store Manager - Cửa Hàng Trưởng,CÔNG TY TNHH THỰC PHẨM & NƯỚC GIẢI KHÁT Ý TƯỞNG VIỆT (STARBUCKS VIET NAM),Gia Lai,0.0,0.0,0.0,0,Entry,,CareerLink,
Trưởng Phòng Kinh Doanh Nội Địa - Kênh MT,Dan On Foods Corporation,Bình Dương,0.0,0.0,0.0,0,Entry,,CareerLink,
[Thanh Hóa] Nhân Viên Pha Chế Full Time,CÔNG TY TNHH THỰC PHẨM & NƯỚC GIẢI KHÁT Ý TƯỞNG VIỆT (STARBUCKS VIET NAM),Thanh Hóa,0.0,0.0,0.0,0,Entry,,CareerLink,
Marketing Operations Manager,Công Ty Cổ Phần Dược Phẩm FPT Long Châu,Hồ Chí Minh,0.0,0.0,0.0,0,Entry,,CareerLink,
[Bắc Ninh] Nhân Viên Pha Chế part - Time,CÔNG TY TNHH THỰC PHẨM & NƯỚC GIẢI KHÁT Ý TƯỞNG VIỆT (STARBUCKS VIET NAM),Bắc Ninh,0.0,0.0,0.0,0,Entry,,CareerLink,
KỸ SƯ IT LẬP TRÌNH WEB - NHÀ MÁY 3,CÔNG TY TRÁCH NHIỆM HỮU HẠN SÀI GÒN PRECISION,Hồ Chí Minh,0.0,0.0,0.0,0,Entry,,CareerLink,
[ Vinh - Nghệ An ] Nhân Viên Pha Chế Full Time,CÔNG TY TNHH THỰC PHẨM & NƯỚC GIẢI KHÁT Ý TƯỞNG VIỆT (STARBUCKS VIET NAM),Nghệ An,0.0,0.0,0.0,0,Entry,,CareerLink,
[Sa Pa] Nhân Viên Pha Chế Full Time,CÔNG TY TNHH THỰC PHẨM & NƯỚC GIẢI KHÁT Ý TƯỞNG VIỆT (STARBUCKS VIET NAM),Lào Cai,0.0,0.0,0.0,0,Entry,,CareerLink,
[Sa pa - Lào Cai ] Shift Supervisor - Giám Sát Ca Sa Pa,CÔNG TY TNHH THỰC PHẨM & NƯỚC GIẢI KHÁT Ý TƯỞNG VIỆT (STARBUCKS VIET NAM),Lào Cai,0.0,0.0,0.0,0,Entry,,CareerLink,
[ Hội An ] Shift Supervisor - Giám Sát Ca,CÔNG TY TNHH THỰC PHẨM & NƯỚC GIẢI KHÁT Ý TƯỞNG VIỆT (STARBUCKS VIET NAM),Đà Nẵng,0.0,0.0,0.0,0,Entry,,CareerLink,
"[Hà Nội, Quận Hà Đông] Nhân Viên Pha Chế Part - Time",CÔNG TY TNHH THỰC PHẨM & NƯỚC GIẢI KHÁT Ý TƯỞNG VIỆT (STARBUCKS VIET NAM),Hà Nội,0.0,0.0,0.0,0,Entry,,CareerLink,
[ Sân bay Nội Bài ] Nhân Viên Pha Chế Full Time,CÔNG TY TNHH THỰC PHẨM & NƯỚC GIẢI KHÁT Ý TƯỞNG VIỆT (STARBUCKS VIET NAM),Hà Nội,0.0,0.0,0.0,0,Entry,,CareerLink,
[ Sân Bay Nội Bài ] Shift Supervisor - Giám Sát Ca,CÔNG TY TNHH THỰC PHẨM & NƯỚC GIẢI KHÁT Ý TƯỞNG VIỆT (STARBUCKS VIET NAM),Hà Nội,0.0,0.0,0.0,0,Entry,,CareerLink,
"[ Hà Nội ] Shift Supervisor - Giám Sát Ca quận Thanh Xuân, Hoàn Kiếm, Bắc Từ Liêm",CÔNG TY TNHH THỰC PHẨM & NƯỚC GIẢI KHÁT Ý TƯỞNG VIỆT (STARBUCKS VIET NAM),Hà Nội,0.0,0.0,0.0,0,Entry,,CareerLink,
"Store Manager - Cửa hàng Trưởng (Quận Hoàn Kiếm, Hai Bà Trưng)",CÔNG TY TNHH THỰC PHẨM & NƯỚC GIẢI KHÁT Ý TƯỞNG VIỆT (STARBUCKS VIET NAM),Hà Nội,0.0,0.0,0.0,0,Entry,,CareerLink,
GIÁM SÁT KHO,Dan On Foods Corporation,Bình Dương,0.0,0.0,0.0,0,Entry,,CareerLink,
